--
-- PostgreSQL database dump
--

-- Dumped from database version 11.9
-- Dumped by pg_dump version 12.2

SET statement_timeout = 0;
SET lock_timeout = 0;
SET idle_in_transaction_session_timeout = 0;
SET client_encoding = 'UTF8';
SET standard_conforming_strings = on;
SELECT pg_catalog.set_config('search_path', '', false);
SET check_function_bodies = false;
SET xmloption = content;
SET client_min_messages = warning;
SET row_security = off;

SET default_tablespace = '';

--
-- Name: Message; Type: TABLE; Schema: public; Owner: doadmin
--

CREATE TABLE public."Message" (
    id text NOT NULL,
    "createdAt" timestamp(3) without time zone DEFAULT CURRENT_TIMESTAMP NOT NULL,
    "updatedAt" timestamp(3) without time zone NOT NULL,
    title text NOT NULL,
    body text NOT NULL,
    "userId" text,
    "slackChannelId" text NOT NULL,
    "slackTimeStamp" text
);


ALTER TABLE public."Message" OWNER TO doadmin;

--
-- Name: MessageView; Type: TABLE; Schema: public; Owner: doadmin
--

CREATE TABLE public."MessageView" (
    "createdAt" timestamp(3) without time zone DEFAULT CURRENT_TIMESTAMP NOT NULL,
    "updatedAt" timestamp(3) without time zone NOT NULL,
    "userId" text NOT NULL,
    "messageId" text NOT NULL
);


ALTER TABLE public."MessageView" OWNER TO doadmin;

--
-- Name: Reaction; Type: TABLE; Schema: public; Owner: doadmin
--

CREATE TABLE public."Reaction" (
    id text NOT NULL,
    "createdAt" timestamp(3) without time zone DEFAULT CURRENT_TIMESTAMP NOT NULL,
    "updatedAt" timestamp(3) without time zone NOT NULL,
    emoji text NOT NULL,
    alt text NOT NULL,
    "userId" text,
    "messageId" text
);


ALTER TABLE public."Reaction" OWNER TO doadmin;

--
-- Name: Session; Type: TABLE; Schema: public; Owner: doadmin
--

CREATE TABLE public."Session" (
    id text NOT NULL,
    "createdAt" timestamp(3) without time zone DEFAULT CURRENT_TIMESTAMP NOT NULL,
    "updatedAt" timestamp(3) without time zone NOT NULL,
    "expiresAt" timestamp(3) without time zone,
    handle text NOT NULL,
    "userId" text,
    "hashedSessionToken" text,
    "antiCSRFToken" text,
    "publicData" text,
    "privateData" text
);


ALTER TABLE public."Session" OWNER TO doadmin;

--
-- Name: User; Type: TABLE; Schema: public; Owner: doadmin
--

CREATE TABLE public."User" (
    id text NOT NULL,
    "createdAt" timestamp(3) without time zone DEFAULT CURRENT_TIMESTAMP NOT NULL,
    "updatedAt" timestamp(3) without time zone NOT NULL,
    name text,
    email text NOT NULL,
    role text DEFAULT 'user'::text NOT NULL,
    "slackUserId" text NOT NULL,
    "slackAccessToken" text DEFAULT ''::text NOT NULL,
    "isInstalled" boolean DEFAULT false NOT NULL,
    "avatarUrl" text
);


ALTER TABLE public."User" OWNER TO doadmin;

--
-- Name: _Migration; Type: TABLE; Schema: public; Owner: doadmin
--

CREATE TABLE public."_Migration" (
    revision integer NOT NULL,
    name text NOT NULL,
    datamodel text NOT NULL,
    status text NOT NULL,
    applied integer NOT NULL,
    rolled_back integer NOT NULL,
    datamodel_steps text NOT NULL,
    database_migration text NOT NULL,
    errors text NOT NULL,
    started_at timestamp(3) without time zone NOT NULL,
    finished_at timestamp(3) without time zone
);


ALTER TABLE public."_Migration" OWNER TO doadmin;

--
-- Name: _Migration_revision_seq; Type: SEQUENCE; Schema: public; Owner: doadmin
--

CREATE SEQUENCE public."_Migration_revision_seq"
    AS integer
    START WITH 1
    INCREMENT BY 1
    NO MINVALUE
    NO MAXVALUE
    CACHE 1;


ALTER TABLE public."_Migration_revision_seq" OWNER TO doadmin;

--
-- Name: _Migration_revision_seq; Type: SEQUENCE OWNED BY; Schema: public; Owner: doadmin
--

ALTER SEQUENCE public."_Migration_revision_seq" OWNED BY public."_Migration".revision;


--
-- Name: _Migration revision; Type: DEFAULT; Schema: public; Owner: doadmin
--

ALTER TABLE ONLY public."_Migration" ALTER COLUMN revision SET DEFAULT nextval('public."_Migration_revision_seq"'::regclass);


--
-- Data for Name: Message; Type: TABLE DATA; Schema: public; Owner: doadmin
--

COPY public."Message" (id, "createdAt", "updatedAt", title, body, "userId", "slackChannelId", "slackTimeStamp") FROM stdin;
3ad98923-4388-483e-9900-36fc0ff34f81	2021-01-18 18:33:56.704	2021-01-18 18:33:58.77	Introducing Mensaje	I've been thinking lately about how we communicate as a company as a whole, not just individual projects, but how the company shares updates with everyone, and I think we can do better.\n\nOne of the challenges of being remote is that Slack is our main gathering place. If I want to communicate with everybody, I can talk in the `#general` channel, but I have no guarantees you will see my message. Maybe you were focusing on a task, and by the time you re-enable notifications, there are high chances you miss some important info since chat is for quick, informal communication. \n\nMaybe a more appropriate method to send global communications is over email. I love email because it respects everybody's time, but it lacks the ACK part Slack has with reactions and threads.\n\nI would love to have a method that's as async as an email but retains Slack's engagement.\n\n\n#👋 Mensaje\n\nMensaje is a small app I built that tries to solve the problem mentioned above. It tries not to bother users with `@here` or `@channel`. Instead, it posts regular messages to Slack channels and has (or will have) a bot that reminds you about messages you might have lost.\n\nIt also provides some basic reaction features so you can ACK a message from Mensaje itself. Remember, the goal is to be as async as possible but still encourage you to react. I have more ideas to boost engagement, but if you have some, please let me know.\n\n\n# What's currently implemented?\n\nCurrently, Mensaje can post messages into Slack channels and allow you to add reactions into Slack. In the future, the other way around would be possible as well.\n\nYou can create a new Mensaje now by using the `/mensaje` slash command. When you do so, the message channel will be pre-selected from the channel you triggered the command.\n\n# What needs to be implemented?\n\nFor this to work the way I mentioned before, Mensaje needs to have a Bot user that you can interact with. Ideally, this bot will remind you about messages you've lost, and hopefully, you can catch-up and react to them from the Bot interface as well.\n\n\n# FAQ\n\n- Is it mandatory to use this? Of course not\n- Where's Mensaje source code? [On Github](https://github.com/ingenious-agency/mensaje)\n- What happens if I find a bug? [You can create an issue](https://github.com/ingenious-agency/mensaje/issues/new)\n- Can I contribute? I hope so\n- Will this be Open Source? I hope so. I want to test internally first	9081fd60-f030-4d20-b3a1-58f8e9021d43	C02N8TGFN	1610994838.000100
a851c9da-7631-4076-b9b3-ceebdd58edb2	2021-01-20 17:01:29.055	2021-01-21 14:10:44.67	New project incoming! - Pact Cornell	# Name\nPact Cornell\n\n# What is it about?\nThe project is a research grant to develop an application that will help end of life patients make their last decisions in how they want to be treated regarding their care while involving friends and family in these decisions.\n\nThe app takes the form of a "todo list", each item is a relevant question to answer and yields a series of mock documents to be talked over with a lawyer. Each answer entails a paragraph or section of a document that can be in turn reworded by the user.\n\n# When?\nSprint zero (0) starts next Monday (25th)\n\n# For how long?\nThis inicial phase of the project will take three and a half (3.5) months. Then next year it will have a second phase of around two (2) months.\n\nIt will also have a Maintenance budget for another three (3) years after that, in order to take care of bugs and user requests.\n\n# Team\n- Dev: Franco\n- Tech Lead: Cherta\n- Design: Marce\n- Team Lead: Nico\n\n<br/>\nBest of luck to the team!!! We know you guys will do an amazing job.\n<br/>\n\nYou can check additional information about the project in [Notion](https://www.notion.so/ingeniousagency/PACT-High-level-estimation-18e39db9421647de973a8562866c52e0).\n\n# Other projects we are currently doing\n- My Fertility: Elo, Nacho M., Julio, Jesús, Uncle Guille\n- GetSet: Majo, Fabi, Uncle Guille, Gabo\n- Ready Surgery: David\n- iMTracker: Mauro, Marce, Nico\n- Astroselling: Cocoy\n- See On Sinai (consultancy service): Nacho P., Cocoy, Gastón, Marce\n- DocPace: Cherta\n- Atlas Health: Cherta\n\n<br/>\n\nWe will keep you posted on new incoming projects as well as when current project come to an end, and what those teams are going to be assigned to when that happens.	7cd337ec-1a3a-44c8-a249-17c5bf75eb66	G22NL5EG5	1611162089.000600
c819e660-3607-4e54-91fa-d0aaf34b56b7	2021-01-22 16:34:46.002	2021-01-22 16:34:46.569	Introducing Mensaje	I've been thinking lately about how we communicate as a company as a whole, not just individual projects, but how the company shares updates with everyone, and I think we can do better.\n\nOne of the challenges of being remote is that Slack is our main gathering place. If I want to communicate with everybody, I can talk in the `#general` channel, but I have no guarantees you will see my message. Maybe you were focusing on a task, and by the time you re-enable notifications, there are high chances you miss some important info since chat is for quick, informal communication. \n\nMaybe a more appropriate method to send global communications is over email. I love email because it respects everybody's time, but it lacks the ACK part Slack has with reactions and threads.\n\nI would love to have a method that's as async as an email but retains Slack's engagement.\n\n\n#👋 Mensaje\n\nMensaje is a small app I built that tries to solve the problem mentioned above. It tries not to bother users with `@here` or `@channel`. Instead, it posts regular messages to Slack channels and has (or will have) a bot that reminds you about messages you might have lost.\n\nIt also provides some basic reaction features so you can ACK a message from Mensaje itself. Remember, the goal is to be as async as possible but still encourage you to react. I have more ideas to boost engagement, but if you have some, please let me know.\n\n\n# What's currently implemented?\n\nCurrently, Mensaje can post messages into Slack channels and allow you to add reactions into Slack. In the future, the other way around would be possible as well.\n\nYou can create a new Mensaje now by using the `/mensaje` slash command. When you do so, the message channel will be pre-selected from the channel you triggered the command.\n\n# What needs to be implemented?\n\nFor this to work the way I mentioned before, Mensaje needs to have a Bot user that you can interact with. Ideally, this bot will remind you about messages you've lost, and hopefully, you can catch-up and react to them from the Bot interface as well.\n\n\n# FAQ\n\n- Is it mandatory to use this? Of course not\n- Where's Mensaje source code? [On Github](https://github.com/ingenious-agency/mensaje)\n- What happens if I find a bug? [You can create an issue](https://github.com/ingenious-agency/mensaje/issues/new)\n- Can I contribute? I hope so\n- Will this be Open Source? I hope so. I want to test internally first	9081fd60-f030-4d20-b3a1-58f8e9021d43	G01KL4UBFB5	1611333286.000600
1aa5e23c-7258-49fc-b9c7-2b2d9b7f0b24	2021-01-27 15:24:47.762	2021-01-27 15:24:48.437	New "Training and Tools" Perk	Historically, Ingenious has been a company that encouraged learning and tried to the best of our ability to provide everybody with good quality material, not only to do your job but to learn and continue growing your career.\n\nToday I want to announce a new perk that we are giving to all associates. This perk aligns with what we already have. As a reminder, we currently have the following benefits:\n\n- Hardware budget, usually in the form of a computer\n- Attending Conferences budget\n- Speaking at Conferences budget\n\n<br/>\n\nToday we want to add a new benefit. As of February, all associates can request a $20 "Training and Tools" budget. Associates should use this budget in training subscriptions such as egghead, frontend masters, books, etc., or tools like Grammarly, 1Password, Krisp, etc.\n\nThe way we chose to implement this perk is the following. Associates need to pay for the service themselves and send the -monthly- receipt to Administration (Yanina). Upon monthly compensation, admin staff will reimburse the spent amount.\n\nThe perk is also non-accumulative from one month to the other. The spirit is to help you pay a monthly subscription that enables you to grow.\n\nTo request the budget, you need to [send this google form](https://forms.gle/UYzoCXFwgzJTjriq9). This form helps Administration staff keep things organized.\n\n# FAQ\n- What happens if the tools/service I want to buy is more expensive than $20 a month? Admin will reimburse up to $20. You will need to cover the rest.\n- I want to buy a book instead, can I? Yes, books apply as well.\n- What happens if I stop using a service? Please let the admin staff know.\n- I want to pay for a yearly subscription? Currently, the way to make this work is for Admin staff to keep reimbursing the $20 of the perk month.	9081fd60-f030-4d20-b3a1-58f8e9021d43	G22NL5EG5	1611761088.004200
c1b7ca08-e4c3-4b2f-a12a-95304e73e9a4	2021-01-22 18:43:07.949	2021-01-22 18:46:19.827	Introducing Mensaje	I've been thinking lately about how we communicate as a company, not how projects do it, but how the company shares updates with everyone, and I think we can do better.\n\nOne of the challenges of being remote is that Slack is our main presence place. If I want to communicate with everybody, I can talk in the `#general` channel, but I have no guarantees you will see my message. Maybe you were focusing on a task, and by the time you re-enable notifications, there are high chances you miss some important info since chat is for quick, informal communication. \n\nMaybe a more appropriate method to send global communications is over email. I love email because it respects everybody's time, but it lacks the ACK part Slack has with reactions and threads.\n\nI would love to have a method that's as async as an email but retains Slack's engagement.\n\n\n#👋 Mensaje\n\nMensaje is a small app I built that tries to solve the problem mentioned above. It tries not to bother users with `@here` or `@channel`. Instead, it posts regular messages to Slack channels and has (or will have) a bot that reminds you about messages you might have lost.\n\nIt also provides some basic reaction features so you can ACK a message from Mensaje itself. Remember, the goal is to be as async as possible but still encourage you to react. I have more ideas to boost engagement, but if you have some, please let me know.\n\n\n# What's currently implemented?\n\nCurrently, Mensaje can post messages into Slack channels and allow you to add reactions into Slack. In the future, the other way around would be possible as well.\n\nYou can create a new Mensaje now by using the `/mensaje` slash command. When you do so, the message channel will be pre-selected from the channel you triggered the command.\n\n# What needs to be implemented?\n\nFor this to work the way I mentioned before, Mensaje needs to have a Bot user that you can interact with. Ideally, this bot will remind you about messages you've lost, and hopefully, you can catch-up and react to them from the Bot interface as well.\n\n\n# FAQ\n\n- Is it mandatory to use this? Of course not\n- Where's Mensaje source code? [On Github](https://github.com/ingenious-agency/mensaje)\n- What happens if I find a bug? [You can create an issue](https://github.com/ingenious-agency/mensaje/issues/new)\n- Can I contribute? I hope so\n- Will this be Open Source? I hope so. I want to test internally first	9081fd60-f030-4d20-b3a1-58f8e9021d43	G01KL4UBFB5	1611340988.000300
\.


--
-- Data for Name: MessageView; Type: TABLE DATA; Schema: public; Owner: doadmin
--

COPY public."MessageView" ("createdAt", "updatedAt", "userId", "messageId") FROM stdin;
2021-01-27 17:19:39.17	2021-01-27 17:19:39.17	19d9c241-9e30-44fa-97d8-dca9ff0d9bdc	1aa5e23c-7258-49fc-b9c7-2b2d9b7f0b24
2021-01-20 17:05:53.008	2021-01-20 20:07:36.453	1c15c58b-bdfd-4c37-9f2d-e3add1e18604	a851c9da-7631-4076-b9b3-ceebdd58edb2
2021-01-20 17:02:18.503	2021-01-20 20:17:23.457	b188dd4d-ad58-413f-9776-3ffd6696048f	a851c9da-7631-4076-b9b3-ceebdd58edb2
2021-01-27 17:31:56.987	2021-01-27 17:31:56.987	37ff9722-230f-4075-808b-f2e36ef6c396	1aa5e23c-7258-49fc-b9c7-2b2d9b7f0b24
2021-01-27 15:32:16.299	2021-01-27 17:36:55.12	7cd337ec-1a3a-44c8-a249-17c5bf75eb66	1aa5e23c-7258-49fc-b9c7-2b2d9b7f0b24
2021-01-22 18:49:00.699	2021-01-22 18:49:00.7	b24dcae2-72ed-4088-a34e-bd1ce97919b4	c1b7ca08-e4c3-4b2f-a12a-95304e73e9a4
2021-01-22 18:43:13.919	2021-01-22 18:49:01.53	9081fd60-f030-4d20-b3a1-58f8e9021d43	c1b7ca08-e4c3-4b2f-a12a-95304e73e9a4
2021-01-22 18:49:18.937	2021-01-22 18:51:44.984	1f16d5cc-46d5-4942-8fc5-4bedf9cd519a	c1b7ca08-e4c3-4b2f-a12a-95304e73e9a4
2021-01-20 14:48:31.34	2021-01-22 19:13:22.115	9081fd60-f030-4d20-b3a1-58f8e9021d43	3ad98923-4388-483e-9900-36fc0ff34f81
2021-01-21 12:44:45.766	2021-01-21 12:44:45.766	7cd337ec-1a3a-44c8-a249-17c5bf75eb66	3ad98923-4388-483e-9900-36fc0ff34f81
2021-01-20 17:06:23.873	2021-01-20 17:06:23.873	37ff9722-230f-4075-808b-f2e36ef6c396	a851c9da-7631-4076-b9b3-ceebdd58edb2
2021-01-21 11:26:26.876	2021-01-21 13:06:46.722	6c40a344-56cf-48c7-a7ec-8504dd375d1b	a851c9da-7631-4076-b9b3-ceebdd58edb2
2021-01-20 17:28:24.957	2021-01-20 17:28:24.957	2badbcdd-9ab0-4c5e-98eb-513086c099ca	a851c9da-7631-4076-b9b3-ceebdd58edb2
2021-01-20 17:33:10.291	2021-01-20 17:33:10.291	53514909-4e21-47cb-a6a9-a66c3db337b4	a851c9da-7631-4076-b9b3-ceebdd58edb2
2021-01-20 17:51:19.573	2021-01-20 17:51:19.573	b24dcae2-72ed-4088-a34e-bd1ce97919b4	a851c9da-7631-4076-b9b3-ceebdd58edb2
2021-01-25 12:22:01.242	2021-01-25 12:22:01.242	b24dcae2-72ed-4088-a34e-bd1ce97919b4	c819e660-3607-4e54-91fa-d0aaf34b56b7
2021-01-20 17:03:20.343	2021-01-25 14:02:21.125	e6e1d20d-9afb-4826-bc0b-0305183898c9	a851c9da-7631-4076-b9b3-ceebdd58edb2
2021-01-27 16:22:18.78	2021-01-27 19:20:17.584	a187b8b1-1498-4fa3-aa58-7612dc22a890	1aa5e23c-7258-49fc-b9c7-2b2d9b7f0b24
2021-01-20 17:53:59.794	2021-01-21 13:41:18.869	1f16d5cc-46d5-4942-8fc5-4bedf9cd519a	a851c9da-7631-4076-b9b3-ceebdd58edb2
2021-01-27 16:24:25.486	2021-01-27 20:01:49.689	a187b8b1-1498-4fa3-aa58-7612dc22a890	a851c9da-7631-4076-b9b3-ceebdd58edb2
2021-01-27 21:39:27.153	2021-01-27 21:39:27.153	aa702b29-79ba-4600-bff3-453ca9b8d851	1aa5e23c-7258-49fc-b9c7-2b2d9b7f0b24
2021-01-20 19:17:07.547	2021-01-20 19:17:07.547	19d9c241-9e30-44fa-97d8-dca9ff0d9bdc	a851c9da-7631-4076-b9b3-ceebdd58edb2
2021-01-20 17:09:51.865	2021-01-27 15:01:26.625	9081fd60-f030-4d20-b3a1-58f8e9021d43	a851c9da-7631-4076-b9b3-ceebdd58edb2
2021-01-27 15:25:34.183	2021-01-27 15:25:34.183	6c40a344-56cf-48c7-a7ec-8504dd375d1b	1aa5e23c-7258-49fc-b9c7-2b2d9b7f0b24
2021-01-27 15:25:43.78	2021-01-27 15:25:43.78	53514909-4e21-47cb-a6a9-a66c3db337b4	1aa5e23c-7258-49fc-b9c7-2b2d9b7f0b24
2021-01-20 19:37:05.271	1970-01-01 00:00:00	1f16d5cc-46d5-4942-8fc5-4bedf9cd519a	3ad98923-4388-483e-9900-36fc0ff34f81
2021-01-20 19:37:05.272	1970-01-01 00:00:00	2badbcdd-9ab0-4c5e-98eb-513086c099ca	3ad98923-4388-483e-9900-36fc0ff34f81
2021-01-20 19:37:05.272	1970-01-01 00:00:00	e6e1d20d-9afb-4826-bc0b-0305183898c9	3ad98923-4388-483e-9900-36fc0ff34f81
2021-01-20 19:37:05.273	1970-01-01 00:00:00	b24dcae2-72ed-4088-a34e-bd1ce97919b4	3ad98923-4388-483e-9900-36fc0ff34f81
2021-01-20 19:37:05.273	1970-01-01 00:00:00	37ff9722-230f-4075-808b-f2e36ef6c396	3ad98923-4388-483e-9900-36fc0ff34f81
2021-01-20 19:39:16.419	1970-01-01 00:00:00	19d9c241-9e30-44fa-97d8-dca9ff0d9bdc	3ad98923-4388-483e-9900-36fc0ff34f81
2021-01-20 19:39:16.419	1970-01-01 00:00:00	1c15c58b-bdfd-4c37-9f2d-e3add1e18604	3ad98923-4388-483e-9900-36fc0ff34f81
2021-01-20 19:39:16.42	1970-01-01 00:00:00	53514909-4e21-47cb-a6a9-a66c3db337b4	3ad98923-4388-483e-9900-36fc0ff34f81
2021-01-20 19:39:16.42	1970-01-01 00:00:00	b188dd4d-ad58-413f-9776-3ffd6696048f	3ad98923-4388-483e-9900-36fc0ff34f81
2021-01-27 15:31:17.854	2021-01-27 15:31:17.854	5363d9a8-ba8e-4a27-b89c-68e6834d515c	1aa5e23c-7258-49fc-b9c7-2b2d9b7f0b24
2021-01-20 17:01:37.811	2021-01-21 14:10:48.512	7cd337ec-1a3a-44c8-a249-17c5bf75eb66	a851c9da-7631-4076-b9b3-ceebdd58edb2
2021-01-27 15:34:22.379	2021-01-27 15:34:22.379	2badbcdd-9ab0-4c5e-98eb-513086c099ca	1aa5e23c-7258-49fc-b9c7-2b2d9b7f0b24
2021-01-27 15:29:31.82	2021-01-27 15:50:09.494	1f16d5cc-46d5-4942-8fc5-4bedf9cd519a	1aa5e23c-7258-49fc-b9c7-2b2d9b7f0b24
2021-01-27 15:24:52.946	2021-01-27 22:58:05.634	9081fd60-f030-4d20-b3a1-58f8e9021d43	1aa5e23c-7258-49fc-b9c7-2b2d9b7f0b24
2021-01-28 13:04:24.635	2021-01-28 13:04:24.635	b188dd4d-ad58-413f-9776-3ffd6696048f	1aa5e23c-7258-49fc-b9c7-2b2d9b7f0b24
2021-01-27 15:25:21.062	2021-01-27 15:58:06.609	e6e1d20d-9afb-4826-bc0b-0305183898c9	1aa5e23c-7258-49fc-b9c7-2b2d9b7f0b24
2021-01-27 15:41:18.855	2021-01-27 16:53:32.839	b24dcae2-72ed-4088-a34e-bd1ce97919b4	1aa5e23c-7258-49fc-b9c7-2b2d9b7f0b24
2021-01-21 13:16:30.454	2021-01-29 15:27:32.118	6c40a344-56cf-48c7-a7ec-8504dd375d1b	3ad98923-4388-483e-9900-36fc0ff34f81
\.


--
-- Data for Name: Reaction; Type: TABLE DATA; Schema: public; Owner: doadmin
--

COPY public."Reaction" (id, "createdAt", "updatedAt", emoji, alt, "userId", "messageId") FROM stdin;
a560df8d-e800-48af-aee2-511952007bae	2021-01-18 18:37:38.9	2021-01-18 18:37:38.9	👏	clap	2badbcdd-9ab0-4c5e-98eb-513086c099ca	3ad98923-4388-483e-9900-36fc0ff34f81
b1ef5833-35d4-44e1-a0ff-45e57afef3e7	2021-01-18 18:37:49.397	2021-01-18 18:37:49.397	👏	clap	e6e1d20d-9afb-4826-bc0b-0305183898c9	3ad98923-4388-483e-9900-36fc0ff34f81
d133450d-6073-4239-ad20-e915992f8d8f	2021-01-18 18:37:51.076	2021-01-18 18:37:51.076	🤗	hugging_face	e6e1d20d-9afb-4826-bc0b-0305183898c9	3ad98923-4388-483e-9900-36fc0ff34f81
4d52a6ef-acef-4c93-9d6f-ec9c2ec50d17	2021-01-18 18:37:51.208	2021-01-18 18:37:51.208	🚀	rocket	e6e1d20d-9afb-4826-bc0b-0305183898c9	3ad98923-4388-483e-9900-36fc0ff34f81
864dba66-21e5-4292-9a92-8ec5c42d63cc	2021-01-18 18:37:51.62	2021-01-18 18:37:51.62	🤔	thinking_face	e6e1d20d-9afb-4826-bc0b-0305183898c9	3ad98923-4388-483e-9900-36fc0ff34f81
461e3e26-9338-4e9d-8f50-bca10e70504e	2021-01-18 18:40:14.721	2021-01-18 18:40:14.721	👀	eyes	9081fd60-f030-4d20-b3a1-58f8e9021d43	3ad98923-4388-483e-9900-36fc0ff34f81
3f9a3558-0e7e-4d86-8b71-5957fcf5c46a	2021-01-18 18:41:00.859	2021-01-18 18:41:00.859	👏	clap	b24dcae2-72ed-4088-a34e-bd1ce97919b4	3ad98923-4388-483e-9900-36fc0ff34f81
8c239e41-18be-41ee-9c84-2df23e16577f	2021-01-18 18:46:27.574	2021-01-18 18:46:27.574	👏	clap	b188dd4d-ad58-413f-9776-3ffd6696048f	3ad98923-4388-483e-9900-36fc0ff34f81
5eb9f30e-80c6-46ad-82a7-8467902c1e57	2021-01-18 18:46:35.525	2021-01-18 18:46:35.526	🚀	rocket	b188dd4d-ad58-413f-9776-3ffd6696048f	3ad98923-4388-483e-9900-36fc0ff34f81
f4459e60-5d7f-4fd6-9b80-ed3dce4c09bc	2021-01-18 19:07:40.278	2021-01-18 19:07:40.278	🤔	thinking_face	19d9c241-9e30-44fa-97d8-dca9ff0d9bdc	3ad98923-4388-483e-9900-36fc0ff34f81
caf842c5-86dd-4ff5-ba7f-a2b47a7b6035	2021-01-18 19:45:26.905	2021-01-18 19:45:26.905	🚀	rocket	9081fd60-f030-4d20-b3a1-58f8e9021d43	3ad98923-4388-483e-9900-36fc0ff34f81
70709f99-988a-442f-926d-dc30ef5d1154	2021-01-18 19:48:01.689	2021-01-18 19:48:01.689	👏	clap	1f16d5cc-46d5-4942-8fc5-4bedf9cd519a	3ad98923-4388-483e-9900-36fc0ff34f81
72088f31-b784-48f2-b659-2e6eafeedf76	2021-01-18 19:48:08.78	2021-01-18 19:48:08.78	🚀	rocket	1f16d5cc-46d5-4942-8fc5-4bedf9cd519a	3ad98923-4388-483e-9900-36fc0ff34f81
960c7bd0-dcd9-4a72-a6ce-a7045b7c49a5	2021-01-18 22:16:50.177	2021-01-18 22:16:50.177	👏	clap	9081fd60-f030-4d20-b3a1-58f8e9021d43	3ad98923-4388-483e-9900-36fc0ff34f81
b819ea86-f2c8-488d-a674-654ae20afbef	2021-01-19 13:23:59.705	2021-01-19 13:23:59.705	🤗	hugging_face	9081fd60-f030-4d20-b3a1-58f8e9021d43	3ad98923-4388-483e-9900-36fc0ff34f81
26481af1-3efd-4cb8-ba7a-2edf979e1523	2021-01-19 20:32:19.832	2021-01-19 20:32:19.832	👏	clap	7cd337ec-1a3a-44c8-a249-17c5bf75eb66	3ad98923-4388-483e-9900-36fc0ff34f81
3ca61ef6-4d19-4fcc-ba64-54f6ef1e32be	2021-01-19 20:32:20.49	2021-01-19 20:32:20.49	🤗	hugging_face	7cd337ec-1a3a-44c8-a249-17c5bf75eb66	3ad98923-4388-483e-9900-36fc0ff34f81
dc155aa0-5c8c-46c3-be83-df8833ac1f1e	2021-01-19 20:32:25.463	2021-01-19 20:32:25.464	🤔	thinking_face	7cd337ec-1a3a-44c8-a249-17c5bf75eb66	3ad98923-4388-483e-9900-36fc0ff34f81
572322ea-1c34-4806-810e-9530aec5d4cc	2021-01-19 20:32:27.649	2021-01-19 20:32:27.649	🚀	rocket	7cd337ec-1a3a-44c8-a249-17c5bf75eb66	3ad98923-4388-483e-9900-36fc0ff34f81
b91fddb0-da40-4256-87b2-29c9290310a5	2021-01-20 17:03:51.656	2021-01-20 17:03:51.657	👏	clap	e6e1d20d-9afb-4826-bc0b-0305183898c9	a851c9da-7631-4076-b9b3-ceebdd58edb2
30e2c1cc-0702-49c4-a62e-b291800f04ab	2021-01-20 17:10:04.312	2021-01-20 17:10:04.312	👏	clap	9081fd60-f030-4d20-b3a1-58f8e9021d43	a851c9da-7631-4076-b9b3-ceebdd58edb2
9ce744e7-1f27-48c5-a128-f570be5418bc	2021-01-20 17:10:05.715	2021-01-20 17:10:05.715	🚀	rocket	9081fd60-f030-4d20-b3a1-58f8e9021d43	a851c9da-7631-4076-b9b3-ceebdd58edb2
591b06c4-1438-45c1-8d1c-e6c0a3b1595c	2021-01-20 17:22:56.273	2021-01-20 17:22:56.273	🤗	hugging_face	9081fd60-f030-4d20-b3a1-58f8e9021d43	a851c9da-7631-4076-b9b3-ceebdd58edb2
f872310c-18f6-4b61-8ac0-2ca10df46c7c	2021-01-20 17:34:02.807	2021-01-20 17:34:02.807	👏	clap	53514909-4e21-47cb-a6a9-a66c3db337b4	a851c9da-7631-4076-b9b3-ceebdd58edb2
4640deec-eebc-4d23-81a1-c8737c70bceb	2021-01-20 19:19:50.952	2021-01-20 19:19:50.952	👀	eyes	9081fd60-f030-4d20-b3a1-58f8e9021d43	a851c9da-7631-4076-b9b3-ceebdd58edb2
dda2d8e7-a5d1-47ff-8bc0-97446a76e16d	2021-01-20 19:40:21.264	2021-01-20 19:40:21.264	🤔	thinking_face	9081fd60-f030-4d20-b3a1-58f8e9021d43	3ad98923-4388-483e-9900-36fc0ff34f81
af000f15-1e0b-42a1-ac46-36b9bdd99609	2021-01-20 20:09:38.435	2021-01-20 20:09:38.436	👏	clap	b24dcae2-72ed-4088-a34e-bd1ce97919b4	a851c9da-7631-4076-b9b3-ceebdd58edb2
4f6f0a43-60bb-4412-9061-a150a2cc603b	2021-01-22 18:43:18.838	2021-01-22 18:43:18.838	👏	clap	9081fd60-f030-4d20-b3a1-58f8e9021d43	c1b7ca08-e4c3-4b2f-a12a-95304e73e9a4
bbee0463-3612-48f8-b076-92ade73184e0	2021-01-22 18:43:21.592	2021-01-22 18:43:21.592	🤗	hugging_face	9081fd60-f030-4d20-b3a1-58f8e9021d43	c1b7ca08-e4c3-4b2f-a12a-95304e73e9a4
2e8ef5ca-f5ac-4c8a-8dd2-606eeee64ae9	2021-01-22 18:49:06.137	2021-01-22 18:49:06.137	👏	clap	b24dcae2-72ed-4088-a34e-bd1ce97919b4	c1b7ca08-e4c3-4b2f-a12a-95304e73e9a4
de9648e7-2e47-4e4d-b5e5-1e2ace2a135c	2021-01-22 18:49:07.843	2021-01-22 18:49:07.843	🚀	rocket	b24dcae2-72ed-4088-a34e-bd1ce97919b4	c1b7ca08-e4c3-4b2f-a12a-95304e73e9a4
d3ed3dc2-7778-408d-9d65-16fedefd84c5	2021-01-22 18:49:10.786	2021-01-22 18:49:10.786	🤗	hugging_face	b24dcae2-72ed-4088-a34e-bd1ce97919b4	c1b7ca08-e4c3-4b2f-a12a-95304e73e9a4
5a2068c1-7774-4717-9f11-635fd2b99c3a	2021-01-22 18:49:37.981	2021-01-22 18:49:37.981	👏	clap	1f16d5cc-46d5-4942-8fc5-4bedf9cd519a	c1b7ca08-e4c3-4b2f-a12a-95304e73e9a4
58e0c59c-f4d0-4e7e-8b76-a3152ea07105	2021-01-22 18:49:39.677	2021-01-22 18:49:39.677	🤗	hugging_face	1f16d5cc-46d5-4942-8fc5-4bedf9cd519a	c1b7ca08-e4c3-4b2f-a12a-95304e73e9a4
a215a8f3-0f1a-41ca-b415-588bdd296522	2021-01-22 18:49:41.127	2021-01-22 18:49:41.127	🚀	rocket	1f16d5cc-46d5-4942-8fc5-4bedf9cd519a	c1b7ca08-e4c3-4b2f-a12a-95304e73e9a4
f1d4a8ef-1d3a-4b82-844f-1ff2e935573c	2021-01-22 18:50:05.258	2021-01-22 18:50:05.258	🚀	rocket	9081fd60-f030-4d20-b3a1-58f8e9021d43	c1b7ca08-e4c3-4b2f-a12a-95304e73e9a4
6d661580-e3fe-4788-80c9-4d5725d8162f	2021-01-22 18:52:03.392	2021-01-22 18:52:03.392	👀	eyes	1f16d5cc-46d5-4942-8fc5-4bedf9cd519a	c1b7ca08-e4c3-4b2f-a12a-95304e73e9a4
6f9920b1-6f9f-45c9-95fd-f1cc97f1bcc6	2021-01-22 18:52:07.155	2021-01-22 18:52:07.155	🤔	thinking_face	1f16d5cc-46d5-4942-8fc5-4bedf9cd519a	c1b7ca08-e4c3-4b2f-a12a-95304e73e9a4
4f3500fa-6418-4153-8d87-71e245db6f37	2021-01-27 15:26:22.522	2021-01-27 15:26:22.522	👏	clap	9081fd60-f030-4d20-b3a1-58f8e9021d43	1aa5e23c-7258-49fc-b9c7-2b2d9b7f0b24
0641c1bc-9a4c-4270-b9de-6c3b6f089568	2021-01-27 15:27:32.422	2021-01-27 15:27:32.422	👏	clap	53514909-4e21-47cb-a6a9-a66c3db337b4	1aa5e23c-7258-49fc-b9c7-2b2d9b7f0b24
33047898-4054-4a2c-92cd-a149deb17682	2021-01-27 15:27:47.342	2021-01-27 15:27:47.343	👏	clap	e6e1d20d-9afb-4826-bc0b-0305183898c9	1aa5e23c-7258-49fc-b9c7-2b2d9b7f0b24
80310f09-b186-4892-987c-d78b5e4a7569	2021-01-27 15:27:53.809	2021-01-27 15:27:53.809	🚀	rocket	e6e1d20d-9afb-4826-bc0b-0305183898c9	1aa5e23c-7258-49fc-b9c7-2b2d9b7f0b24
56f7cd7a-a529-4705-bc63-931e5708f4c0	2021-01-27 15:29:17.142	2021-01-27 15:29:17.142	🚀	rocket	9081fd60-f030-4d20-b3a1-58f8e9021d43	1aa5e23c-7258-49fc-b9c7-2b2d9b7f0b24
c10564b3-ac55-4a36-88c3-64aec4f6e830	2021-01-27 15:43:32.986	2021-01-27 15:43:32.986	👏	clap	b24dcae2-72ed-4088-a34e-bd1ce97919b4	1aa5e23c-7258-49fc-b9c7-2b2d9b7f0b24
cbc7e52a-2529-433f-9e02-cccf18dcfb88	2021-01-27 15:43:34.249	2021-01-27 15:43:34.249	🤗	hugging_face	b24dcae2-72ed-4088-a34e-bd1ce97919b4	1aa5e23c-7258-49fc-b9c7-2b2d9b7f0b24
3a740b10-26d3-4be1-a7b7-a0d383f88f9b	2021-01-27 15:43:39.522	2021-01-27 15:43:39.523	👏	clap	6c40a344-56cf-48c7-a7ec-8504dd375d1b	1aa5e23c-7258-49fc-b9c7-2b2d9b7f0b24
a7916754-ff06-498b-9e9a-940cda9ebe96	2021-01-27 15:44:39.365	2021-01-27 15:44:39.365	🚀	rocket	2badbcdd-9ab0-4c5e-98eb-513086c099ca	1aa5e23c-7258-49fc-b9c7-2b2d9b7f0b24
b3fa1485-b311-4a31-bbaf-adfbd59b8277	2021-01-27 17:21:12.914	2021-01-27 17:21:12.914	👀	eyes	19d9c241-9e30-44fa-97d8-dca9ff0d9bdc	1aa5e23c-7258-49fc-b9c7-2b2d9b7f0b24
2ee83c6b-80e1-460c-a24e-93e12f6c449e	2021-01-27 21:40:56.179	2021-01-27 21:40:56.179	👏	clap	aa702b29-79ba-4600-bff3-453ca9b8d851	1aa5e23c-7258-49fc-b9c7-2b2d9b7f0b24
e18cc8e9-b0d7-4c42-97f9-183e3cc53385	2021-01-27 21:40:58.428	2021-01-27 21:40:58.428	🚀	rocket	aa702b29-79ba-4600-bff3-453ca9b8d851	1aa5e23c-7258-49fc-b9c7-2b2d9b7f0b24
983551b0-c66b-424b-90eb-6f54eb76b7f1	2021-01-27 21:41:00.753	2021-01-27 21:41:00.753	🤗	hugging_face	aa702b29-79ba-4600-bff3-453ca9b8d851	1aa5e23c-7258-49fc-b9c7-2b2d9b7f0b24
\.


--
-- Data for Name: Session; Type: TABLE DATA; Schema: public; Owner: doadmin
--

COPY public."Session" (id, "createdAt", "updatedAt", "expiresAt", handle, "userId", "hashedSessionToken", "antiCSRFToken", "publicData", "privateData") FROM stdin;
b9fd9e1c-f8f8-4f7b-8260-4dc7db55fabb	2021-01-18 14:35:52.936	2021-01-18 14:35:52.936	2021-02-17 14:35:52.933	hLLO9vozX00JN8ZDSeE2fh3w76GpLg6n:ots	9081fd60-f030-4d20-b3a1-58f8e9021d43	776a2e00bcf1d2dfef2d9ae75a65a7a34dc840fda7092629423be937efb720ec	zpRekwRplT6k-dL4Z0DTVUUGtJM4BWh-	{"userId":"9081fd60-f030-4d20-b3a1-58f8e9021d43","roles":["user"],"_redirectUrl":"/","source":"slack"}	{}
9045677d-2a90-41fa-bac6-b04361a3004b	2021-01-18 14:47:01.773	2021-01-18 14:47:01.773	2021-02-17 14:47:01.771	Z6Iz2CzqRNTZFv4KxI8jncs0M56SKpnh:ots	e6e1d20d-9afb-4826-bc0b-0305183898c9	20b77bad2d66bb8fe3c7664e0f894ef19c2f258e1086e15dfccd8640ad00fcb2	vNvWA89YF4rUeBjeS4Xx5GTc-2SqBdzI	{"userId":"e6e1d20d-9afb-4826-bc0b-0305183898c9","roles":["user"],"_redirectUrl":"/messages/5ad021b6-6c7e-47be-a09e-2b20e31b0ac7","source":"slack"}	{}
c8a26f3b-abe0-46c1-9b1c-317ef46003ff	2021-01-18 18:56:17.413	2021-01-18 18:56:17.413	2021-02-17 18:56:17.411	_-vIGaK9Nhx8eBuYeJ2B4JbVF7JOUHhe:ots	f03910ed-a117-4e06-bb49-72ede49d16b3	adfadf2f142927d8df561000fc53468f9c7a94270b7a2a01b0ea591ee58b90e5	TZx9nWAX9tnwH41TJU3v7aUFd-qUhJZx	{"userId":"f03910ed-a117-4e06-bb49-72ede49d16b3","roles":["user"],"_redirectUrl":"/messages/3ad98923-4388-483e-9900-36fc0ff34f81","source":"slack"}	{}
c7c622da-5b2b-4d36-8f28-155ff681a5fc	2021-01-18 19:24:44.959	2021-01-18 19:24:44.959	2021-02-17 19:24:44.957	nXRyCwId9DkfucpZg9Gu6kam3eo8uYoD:ots	6c40a344-56cf-48c7-a7ec-8504dd375d1b	7e3091f5ea4da90090afa41827bafaa8f8bdad582e714b533d9abbd54e1a616a	p-l3aMi5Sbp5jxIA-o-pbdHZVbTVxN33	{"userId":"6c40a344-56cf-48c7-a7ec-8504dd375d1b","roles":["user"],"_redirectUrl":"/messages/3ad98923-4388-483e-9900-36fc0ff34f81","source":"slack"}	{}
4fce0481-4fb5-4d48-9b82-5b29bef7afce	2021-01-18 20:02:33.789	2021-01-18 20:02:33.789	2021-02-17 20:02:33.788	ARMXKJbAgNJYCdGQFTwa2WASgyixYI5o:ots	7b9e110a-97bf-421c-8773-12aa921f3f9a	d13704e48721c4511750a92b6f93b82294ef23748b8ddc963d668eaf9bd1af95	Q_bp-FCTqYzve8IIYdqMutYwC4coEpNq	{"userId":"7b9e110a-97bf-421c-8773-12aa921f3f9a","roles":["user"],"_redirectUrl":"/messages/3ad98923-4388-483e-9900-36fc0ff34f81","source":"slack"}	{}
06bd0982-b0ca-4df1-af84-3ac8cd2dbba1	2021-01-19 01:04:22.274	2021-01-19 01:04:22.274	2021-02-18 01:04:22.272	u6RW4mmbH56Wo0uidFxFqQ-fHInIMt70:ots	\N	5f403d11ccd54570b1ea9dcb81a89dfc5f74b576a5b9672ef3a4b4dd4437cf88	f1pwIAW4qSh8djl-GEGB8JoBECsGEYgC	{"userId":"50715b8b-9222-4f09-b0fc-3c2b45af382e","roles":["user"],"_redirectUrl":"/","source":"slack"}	{}
b44f2ad2-db77-45fb-aaf1-f2a34cb691ec	2021-01-18 18:38:48.056	2021-01-27 15:25:43.092	2021-02-26 15:25:43.09	wyR3OTvfTseb2IoduxbCEWNuXwPo8kwt:ots	53514909-4e21-47cb-a6a9-a66c3db337b4	0102e267c0dfcf784316952030968d0bf81431294e9ffbd9e3fe9b21ca8079d2	ljKCAbo9M7yLkTEwlPXtiEppw-yvjsEr	{"userId":"53514909-4e21-47cb-a6a9-a66c3db337b4","roles":["user"],"_redirectUrl":"/messages/3ad98923-4388-483e-9900-36fc0ff34f81","source":"slack"}	{}
21bdce20-dccc-4f8a-8f21-67d39a89534b	2021-01-18 19:33:31.048	2021-01-27 15:29:25.916	2021-02-26 15:29:25.812	kCZuJXzV-J3rDmxzCfRZy_N7YRhftIKs:ots	fc5eaabe-685b-4584-8d5f-e35c95137728	afb4a765f9a9299b721af773a45a4cdf2d0fff841ca1fc1c97d7830d91eeb702	QNjgEd1EYf81SHGz4zVFwZHpvfzSN75Y	{"userId":"fc5eaabe-685b-4584-8d5f-e35c95137728","roles":["user"],"_redirectUrl":"/messages/3ad98923-4388-483e-9900-36fc0ff34f81","source":"slack"}	{}
72d5897e-c4f7-4adc-9331-46d506db40a0	2021-01-18 19:34:45.661	2021-01-27 15:29:31.239	2021-02-26 15:29:31.236	OcW-Sz61yzLvEeUfp0cjoEcY0Gzo0gUa:ots	1f16d5cc-46d5-4942-8fc5-4bedf9cd519a	6d7cdc119eb974108ae38ae0e90463a008a75c6fe8fd8f046c8df1ae15808cf6	soCOH2FIbw9YavhLrqcZoamPJ5sFQ13z	{"userId":"1f16d5cc-46d5-4942-8fc5-4bedf9cd519a","roles":["user"],"_redirectUrl":"/messages/3ad98923-4388-483e-9900-36fc0ff34f81","source":"slack"}	{}
cf40d4dd-740b-48b5-b81d-d758b820e367	2021-01-18 19:01:04.15	2021-01-27 15:31:17.032	2021-02-26 15:31:17.029	8-jgu14BoEEcEqsAMuUxPFQ5Y3FpoQE_:ots	5363d9a8-ba8e-4a27-b89c-68e6834d515c	971eb61b1fee258a1bccda47d5a09264f45fcf3b4ea9e8015ed62fdc316a654d	6xkExIKxJ7CHH4DmY-BzVD14WOJI7O4i	{"userId":"5363d9a8-ba8e-4a27-b89c-68e6834d515c","roles":["user"],"_redirectUrl":"/messages/3ad98923-4388-483e-9900-36fc0ff34f81","source":"slack"}	{}
b572917a-fbce-4675-9511-2e485df46785	2021-01-18 18:36:15.342	2021-01-27 15:34:21.219	2021-02-26 15:34:21.218	gQ2UyN67QMInrsjJPLqkUF3m5CfKPNOJ:ots	2badbcdd-9ab0-4c5e-98eb-513086c099ca	cd570640c2ca1271430001c1ff7d320bdda0c967009df4c71572be8fce6d4098	hFOC1BhcNotrywEs7BN74VO3cqGK2vX7	{"userId":"2badbcdd-9ab0-4c5e-98eb-513086c099ca","roles":["user"],"_redirectUrl":"/messages/3ad98923-4388-483e-9900-36fc0ff34f81","source":"slack"}	{}
2da19481-3ad7-4641-8a72-3ec4b9712aa9	2021-01-18 18:39:25.099	2021-01-27 15:41:18.008	2021-02-26 15:41:17.998	ydr5O8P1tDShiWpAM_LM2xlvVQptl6Uj:ots	b24dcae2-72ed-4088-a34e-bd1ce97919b4	b1db7924a2e9f2e56cd456d8151c92657ca44fd513e61c896eaa0b9ee337d7ba	yc0y7k70zjb_U1n4l99lIRI4jKCCmwPH	{"userId":"b24dcae2-72ed-4088-a34e-bd1ce97919b4","roles":["user"],"_redirectUrl":"/messages/3ad98923-4388-483e-9900-36fc0ff34f81","source":"slack"}	{}
01d31516-fc08-4d09-9848-da09e727347e	2021-01-18 22:16:33.502	2021-01-27 22:34:37.642	2021-02-26 22:34:37.64	lwpbGaMot-4X77KdXoupXXkltnum3GiH:ots	9081fd60-f030-4d20-b3a1-58f8e9021d43	a57d4dfd10538e47d803bb6f58cf096c13ce0a6b051d9d3a47aa8123865589e9	IyYHJUWBmFE34zO6XklhUqL0nU136D2d	{"userId":"9081fd60-f030-4d20-b3a1-58f8e9021d43","roles":["user"],"_redirectUrl":"/messages/3ad98923-4388-483e-9900-36fc0ff34f81","source":"slack"}	{}
84258f8e-c424-4e84-b37b-295d52fe52ea	2021-01-18 19:05:10.692	2021-01-27 17:19:37.572	2021-02-26 17:19:37.569	47EgpFSpsACi3Q8j2-I7o44nZM-MU6Li:ots	19d9c241-9e30-44fa-97d8-dca9ff0d9bdc	edf533c29466fd1f4efcb12588d2812c4f4d5bd10bdd257901f4f1acf691f959	y-sTtBYzop_o6rakj7iwvCEtYUugVF7K	{"userId":"19d9c241-9e30-44fa-97d8-dca9ff0d9bdc","roles":["user"],"_redirectUrl":"/messages/3ad98923-4388-483e-9900-36fc0ff34f81","source":"slack"}	{}
40d5dc21-9c2f-4f07-baf5-519818e06eae	2021-01-18 18:43:42.318	2021-01-28 13:04:23.168	2021-02-27 13:04:23.165	gq62AURe3XKtEfuH8hTItQSXJWnDNSAv:ots	b188dd4d-ad58-413f-9776-3ffd6696048f	0dfe7fdd95d6650edee4660f9f74939ccfafbb4a44e282dae876d7954e6f2ffd	22K6KrCcEKcqgceAmoi6gigBqV3JgAbL	{"userId":"b188dd4d-ad58-413f-9776-3ffd6696048f","roles":["user"],"_redirectUrl":"/messages/3ad98923-4388-483e-9900-36fc0ff34f81","source":"slack"}	{}
d5bfedf4-8b66-4bf6-9b2e-62077b1e3193	2021-01-20 14:46:51.69	2021-01-20 14:46:51.69	2021-02-19 14:46:51.688	4ge2SbNmVauf7ACiUT_TmxQXu1384D9m:ots	9081fd60-f030-4d20-b3a1-58f8e9021d43	7d1ca67f5ee6939f0ed4aecac89f52a8e1d75b84e445274f612c0162cac5f580	BuO2pMtGw7q2PRUj4PKSQaQEKuBwwMo0	{"userId":"9081fd60-f030-4d20-b3a1-58f8e9021d43","roles":["user"],"_redirectUrl":"/","source":"slack"}	{}
e1fdf70b-9055-4d53-89cc-ecb6b113abce	2021-01-20 14:56:49.161	2021-01-20 14:56:49.161	2021-02-19 14:56:49.159	B21QGcWlA9X2Ux-DRctyysWpFdAnpxUk:ots	e6e1d20d-9afb-4826-bc0b-0305183898c9	2f06c77b993a85e52f255b3700208a763eaf1363fc2ab54be883b6e1a0bdba63	z6LUIzFExMfRNMq2fqrFDujJbivO14Vb	{"userId":"e6e1d20d-9afb-4826-bc0b-0305183898c9","roles":["user"],"_redirectUrl":"/","source":"slack"}	{}
aa0d58da-f9f6-4141-a67e-ee4a94e5a940	2021-01-20 15:03:13.04	2021-01-20 15:03:13.04	2021-02-19 15:03:13.037	dftgLS3IsxHKSMDsRNN8GykLLhAut-sk:ots	7cd337ec-1a3a-44c8-a249-17c5bf75eb66	572c0efda7ec37195cd0ce189c15a3da854820e913d4f9e56dba322b71c51ea4	z2l1hj6m8HhPNZaJsKWK1KIbQ_BnqNX3	{"userId":"7cd337ec-1a3a-44c8-a249-17c5bf75eb66","roles":["user"],"_redirectUrl":"/","source":"slack"}	{}
2820ebf8-cf38-436a-abef-302bbdab7a0f	2021-01-20 17:05:13.354	2021-01-20 17:05:13.354	2021-02-19 17:05:13.352	nBSTISM5xC6SLNU9AsS6ZAZpB-GRQpmf:ots	1c15c58b-bdfd-4c37-9f2d-e3add1e18604	fb0f33e40c510a1e62f9c19669eb34ffa7562fb618624965a684c4a481582984	mAid3owxHPZHEj8RFnRLJfH-kvoN4UvZ	{"userId":"1c15c58b-bdfd-4c37-9f2d-e3add1e18604","roles":["user"],"_redirectUrl":"/messages/a851c9da-7631-4076-b9b3-ceebdd58edb2","source":"slack"}	{}
7c899482-a059-4961-b802-70d4910b2a24	2021-01-20 17:06:11.647	2021-01-20 17:06:11.647	2021-02-19 17:06:11.645	upov_FOSrxpEgYGSfb4FD5Nx65AbJUtq:ots	37ff9722-230f-4075-808b-f2e36ef6c396	20cb3eb1174bb644f7d77d163d75af47663d4cb46e44e07b7c1fe3427b392423	v_6PlMltjHEk6MrBtxXgRxxpX6icEv2Z	{"userId":"37ff9722-230f-4075-808b-f2e36ef6c396","roles":["user"],"_redirectUrl":"/messages/a851c9da-7631-4076-b9b3-ceebdd58edb2","source":"slack"}	{}
89bbc7db-3fb8-45d6-86f9-1728ab845a51	2021-01-20 22:17:29.414	2021-01-20 22:17:29.414	2021-02-19 22:17:29.412	vEci6rOfFoM2IszAVRT1KDKmK4phHo5D:ots	9586e59d-db33-468d-ba27-3e3de30c558a	52a112be54059ae0427ba71e220401fda54eb80ab0aa7b05c7b2405680590029	bbsWa5TqdnyewZ82ELz9yMhIs8uGX3p2	{"userId":"9586e59d-db33-468d-ba27-3e3de30c558a","roles":["user"],"_redirectUrl":"/","source":"slack"}	{}
5f2144ad-1e98-41e6-8e01-2fabc1619024	2021-01-20 22:38:31.737	2021-01-20 22:38:31.738	2021-02-19 22:38:31.735	s_IcrrztJw-hWFfz2EzK2Cku-kiuU_LK:ots	9081fd60-f030-4d20-b3a1-58f8e9021d43	530fe513f9a3c5044971e5df2c1839b1a41818ee1afb9d14f286af0cdc1b5537	JGa4-1ZlUuEsr6JtRei6cYWwvdUIvASr	{"userId":"9081fd60-f030-4d20-b3a1-58f8e9021d43","roles":["user"],"_redirectUrl":"/","source":"slack"}	{}
7e5b86bc-e68d-476c-8445-7d5c3e8b6e14	2021-01-20 22:41:33.808	2021-01-20 22:41:33.808	2021-02-19 22:41:33.807	rqiGfe7irizjVC5ShtvwG0jSEH9HmhfZ:ots	9081fd60-f030-4d20-b3a1-58f8e9021d43	de95bc9b703e7d5b77c534fe5dc3996396271cf4ea0727545e8a2249e1251fe0	zv30F9vIJjEsycLuNOnxZ08VvqbqdjB_	{"userId":"9081fd60-f030-4d20-b3a1-58f8e9021d43","roles":["user"],"_redirectUrl":"/messages/769800c9-08f2-4028-99b2-67a83a24eebe","source":"slack"}	{}
7ac7a373-fa66-43d0-8ec7-a0871479287d	2021-01-21 11:46:35.486	2021-01-21 11:46:35.486	2021-02-20 11:46:35.484	BZ-PzdkWBSDCS5QSm-wbwcpeYUqiLFMg:ots	9081fd60-f030-4d20-b3a1-58f8e9021d43	7edd06a12e001f877edb88e835ebbcd3ba991748c739492faa25fd5e2d42b24e	J91G2DZC1VA7rVDtUTirBHrk-6vU6ghN	{"userId":"9081fd60-f030-4d20-b3a1-58f8e9021d43","roles":["user"],"_redirectUrl":"/messages/new","source":"slack"}	{}
bee362d2-098a-4c56-a34f-39a70d5d9b73	2021-01-21 11:48:28.258	2021-01-21 11:48:28.258	2021-02-20 11:48:28.252	zqvUOeuIj29BpkEr4x3yOcYvIAmwbOdy:ots	9586e59d-db33-468d-ba27-3e3de30c558a	ab51311e8de051162305e4124364dcd092eb0dd837734cb57a1220cc7c38eccb	KVlbMwsGFnm8X0jB0KN5zc9eiOtgwJrg	{"userId":"9586e59d-db33-468d-ba27-3e3de30c558a","roles":["user"],"_redirectUrl":"/messages/new","source":"slack"}	{}
4075bd33-a1a3-4e0f-85eb-8354f5097368	2021-01-21 11:51:08.201	2021-01-21 11:51:08.201	2021-02-20 11:51:08.199	95mF8VGsbxCZPWGz4c-JUEq8koGb1PCl:ots	9586e59d-db33-468d-ba27-3e3de30c558a	cb0b0fd215699600de3a4f2a73bf463fefd35230d64a7b3e16105a0ae34d417e	ITxI1lu6HJBpVCFXvApO3rhVRmq3NVni	{"userId":"9586e59d-db33-468d-ba27-3e3de30c558a","roles":["user"],"_redirectUrl":"/messages/new","source":"slack"}	{}
aa32e59f-ca34-4ce8-bfd7-205b7043ebe4	2021-01-21 11:52:59.168	2021-01-21 11:52:59.168	2021-02-20 11:52:59.166	-MsrUVNCY5IHYZwnky4ljkNWyQujdofe:ots	9586e59d-db33-468d-ba27-3e3de30c558a	e1965caa93505f2ea304258004abe7eee508129fd4cbc0e78a44e5e18c12ea7a	5nIs0Mrlz9jgPKBe9QGjGJfxDgRg74jM	{"userId":"9586e59d-db33-468d-ba27-3e3de30c558a","roles":["user"],"_redirectUrl":"/messages/new","source":"slack"}	{}
4dc2d0b1-53be-4c51-a59a-86c6e1f7de68	2021-01-25 14:02:17.98	2021-01-25 14:02:17.981	2021-02-24 14:02:17.971	a_pjOkNvU962pr2u1F0nYCJUlKHnogLm:ots	e6e1d20d-9afb-4826-bc0b-0305183898c9	b013a6f989adaf02bf1d0166a68cb952024fc676e9288a69244972be61a72c0c	jzVLbcZPetw-2FFLHl8C3m1YOTLcR4pw	{"userId":"e6e1d20d-9afb-4826-bc0b-0305183898c9","roles":["user"],"_redirectUrl":"/messages/a851c9da-7631-4076-b9b3-ceebdd58edb2","source":"slack"}	{}
b1f17ac1-fb24-4b56-9953-d2efeaded117	2021-01-27 16:08:08.956	2021-01-27 16:08:08.956	2021-02-26 16:08:08.954	igZz8v6Fe9DJKNXNZPh1YD1St_bFOYWi:ots	a187b8b1-1498-4fa3-aa58-7612dc22a890	99426f856d76a7b6f0b844d39d78bfc81db657102b3b1d0ce7ad1d9249f3f275	m72vY-gHWwRgq9a3YE3aAWLY66RopXKK	{"userId":"a187b8b1-1498-4fa3-aa58-7612dc22a890","roles":["user"],"_redirectUrl":"/messages/1aa5e23c-7258-49fc-b9c7-2b2d9b7f0b24","source":"slack"}	{}
d95bfbfb-d9b4-41cd-932b-71f32b7da8c3	2021-01-27 17:31:54.247	2021-01-27 17:31:54.247	2021-02-26 17:31:54.245	J7LZCU4ZKsexVueAGOe4QIH-Dert5SjR:ots	37ff9722-230f-4075-808b-f2e36ef6c396	b94eff35f4753f51b69d4e4383c4a4cb7e23b1364f9b1b96a962760d31c225b5	7meCop6gprcTlgr1w31IrLzfifzcaFQk	{"userId":"37ff9722-230f-4075-808b-f2e36ef6c396","roles":["user"],"_redirectUrl":"/messages/1aa5e23c-7258-49fc-b9c7-2b2d9b7f0b24","source":"slack"}	{}
5ed095d0-25eb-4264-8e8b-6139e3d1fc26	2021-01-27 21:39:09.977	2021-01-27 21:39:09.978	2021-02-26 21:39:09.975	1zeyK69KHRGCgKCj_gQaZUih-RA2LCZt:ots	aa702b29-79ba-4600-bff3-453ca9b8d851	1d7cd4ceb91e13562dc5b955c86c2d40b0f9bca1a5badd4abd30737d3e4dd3d4	e-W52z1emPm6ZkmaODeOg2bMEz6R87GS	{"userId":"aa702b29-79ba-4600-bff3-453ca9b8d851","roles":["user"],"_redirectUrl":"/messages/1aa5e23c-7258-49fc-b9c7-2b2d9b7f0b24","source":"slack"}	{}
14b88b3b-8df2-4eaf-a216-13afca8c3c98	2021-01-21 11:26:24.834	2021-01-29 15:27:30.347	2021-02-28 15:27:30.344	pY3zIe-rdbyuN9cW68yL3YkfqlEdUOBa:ots	6c40a344-56cf-48c7-a7ec-8504dd375d1b	bc6a97893f697179afec46d61004e507b4d6d7e80ad8559106a2cda636126193	Z8Kjgc27vAO1X-rIr33T90ttvLpd0GOO	{"userId":"6c40a344-56cf-48c7-a7ec-8504dd375d1b","roles":["user"],"_redirectUrl":"/messages/a851c9da-7631-4076-b9b3-ceebdd58edb2","source":"slack"}	{}
\.


--
-- Data for Name: User; Type: TABLE DATA; Schema: public; Owner: doadmin
--

COPY public."User" (id, "createdAt", "updatedAt", name, email, role, "slackUserId", "slackAccessToken", "isInstalled", "avatarUrl") FROM stdin;
7cd337ec-1a3a-44c8-a249-17c5bf75eb66	2021-01-18 17:29:50.35	2021-01-20 15:04:10.774	Gabriel Barreneche	gabo@ingsw.com	user	U5PQW9R2S	xoxp-2756934506-193846331094-1653960668324-c0b64a41f41947e99d02b4decfeeb590	t	https://avatars.slack-edge.com/2019-04-25/612529160593_64d415daec174e1a0af5_192.jpg
b188dd4d-ad58-413f-9776-3ffd6696048f	2021-01-18 18:43:41.255	2021-01-20 15:05:37.957	Fabián Duarte	fduarte@ingsw.com	user	UCQLKEW3B	xoxp-2756934506-432699506113-1648002815778-d417afdaa936867a14ca6a9ba4452ae4	t	https://avatars.slack-edge.com/2020-01-23/918766393525_8f0251c8871b73886cbc_192.jpg
b24dcae2-72ed-4088-a34e-bd1ce97919b4	2021-01-18 18:39:24.056	2021-01-20 15:05:37.957	David Hernandez	dhernandez@ingsw.com	user	U5ABL4TN3	xoxp-2756934506-180394163751-1654156841684-2ab4bbfbc808d97269c79c28366ba25a	t	https://avatars.slack-edge.com/2017-05-08/181075188839_f727f12492eb386b321a_192.png
1c15c58b-bdfd-4c37-9f2d-e3add1e18604	2021-01-20 17:05:12.031	2021-01-20 17:05:49.217	Kevin Jones	kjones@ingsw.com	user	U5GS8MMS8	xoxp-2756934506-186892735892-1680390075712-12217852480ea7e5629760699dda1286	t	https://avatars.slack-edge.com/2017-05-23/186773292371_01ad2bd4543e3b309cc0_192.jpg
aa702b29-79ba-4600-bff3-453ca9b8d851	2021-01-27 21:39:09.679	2021-01-27 21:39:24.159	Nicolás Oromí	noromi@ingsw.com	user	U86MTQVFF	xoxp-2756934506-278741845525-1683671554194-58bfd42b80b600dc84554477bb31c46e	t	https://avatars.slack-edge.com/2017-12-04/282352595878_06d7efecd76fca2fdd0a_192.png
f03910ed-a117-4e06-bb49-72ede49d16b3	2021-01-18 18:56:15.94	2021-01-18 18:56:15.94	Michael McCrary	michaelmcc@gmail.com	user	U1QDHD26N	xoxp-58454797889-58459444226-1648239921235-9d462b46416ab0b172622dcc5f2f185b	f	\N
9586e59d-db33-468d-ba27-3e3de30c558a	2021-01-20 22:17:29.28	2021-01-21 11:52:56.596	Gabriel Chertok	gchertok@gmail.com	user	U03FWUXE0	xoxp-3536257513-3540983476-1681698268128-8ef7c2c3d560ed75901752bd92b5003a	t	https://avatars.slack-edge.com/2018-11-12/477582132053_f0baddeb31878e90a4e4_192.jpg
e6e1d20d-9afb-4826-bc0b-0305183898c9	2021-01-18 14:47:00.795	2021-01-25 14:02:17.567	Marce Brum	mbrum@ingsw.com	user	U19J91VR7	xoxp-2756934506-43621063857-1659402169265-afc486b5acd0301c97bba0a9a54184a1	t	https://avatars.slack-edge.com/2020-07-17/1249319178307_81fe5fb9334bc2c38b2d_192.jpg
fc5eaabe-685b-4584-8d5f-e35c95137728	2021-01-18 19:33:29.51	2021-01-18 19:33:29.51	Franco González	franco.gonzalez.burgos@gmail.com	user	U01DRD498DC	xoxp-960327244288-1467446314454-1660758123009-c391ec1f94420a6776a8562ac4694c6e	f	\N
6c40a344-56cf-48c7-a7ec-8504dd375d1b	2021-01-18 19:24:43.91	2021-01-21 11:26:24.512	Gastón Yañez	gyanez@ingsw.com	user	U5N57GCTT	xoxp-2756934506-192177556945-1654270454996-a2a8b780c3b183d15ff4f605eed46df6	t	https://avatars.slack-edge.com/2017-06-05/192846043557_26c2fce2d6e601a2dbe7_192.jpg
a187b8b1-1498-4fa3-aa58-7612dc22a890	2021-01-27 16:08:08.726	2021-01-27 16:22:16.091	Ignacio Bañales	ibanales@ingsw.com	user	U2ZEKBGAX	xoxp-2756934506-101495390371-1678991240885-c38a17a28d2c56317656ed4ab3889f21	t	https://avatars.slack-edge.com/2016-11-14/103656696816_b83ae0567bdfe306c729_192.png
19d9c241-9e30-44fa-97d8-dca9ff0d9bdc	2021-01-18 19:05:09.66	2021-01-20 15:00:16.82	Majo Vlasanovich	mjvlasanovich@ingsw.com	user	UGXA6621F	xoxp-2756934506-575346206049-1633285841959-53e8ebee0aec5d8b2c4d58613c73ce85	t	https://avatars.slack-edge.com/2019-04-15/597535501938_10ca7b43342d3ef0076a_192.jpg
1f16d5cc-46d5-4942-8fc5-4bedf9cd519a	2021-01-18 19:34:44.112	2021-01-20 15:01:24.041	Franco González	fgonzalez@ingsw.com	user	UMB7ABGRK	xoxp-2756934506-725248390869-1671972918256-82d4e9a9aab5a4d84e651639398c34e3	t	https://avatars.slack-edge.com/2019-09-18/764467850720_3d5eb1dd5a698af28d9b_192.jpg
2badbcdd-9ab0-4c5e-98eb-513086c099ca	2021-01-18 18:36:14.283	2021-01-20 15:01:53.954	Nacho Parietti	iparietti@ingsw.com	user	U0439R5JZ	xoxp-2756934506-4111855645-1660615030417-5d9055461e0625c9b74638e387842c72	t	https://avatars.slack-edge.com/2015-03-20/4123297126_aa0d03d6dc4740c988aa_72.jpg
53514909-4e21-47cb-a6a9-a66c3db337b4	2021-01-18 18:38:47.085	2021-01-20 15:02:40.441	Eloísa da Silva	edasilva@ingsw.com	user	U03SRKLFC	xoxp-2756934506-3909666522-1648196440515-97b6da02d42ef213ba1912ccc398f203	t	https://avatars.slack-edge.com/2019-04-01/593597024064_864884674ddecc4c9123_192.jpg
37ff9722-230f-4075-808b-f2e36ef6c396	2021-01-20 17:06:11.53	2021-01-27 17:31:54.049	Gabriel Camargo	gcamargo@ingsw.com	user	U03TQ4EMW	xoxp-2756934506-3942150744-1641779437127-d270ae2061335598fe138130ab927210	t	https://avatars.slack-edge.com/2015-03-05/3940001915_52a08fa6c519ec80641f_192.jpg
5363d9a8-ba8e-4a27-b89c-68e6834d515c	2021-01-18 19:01:03.089	2021-01-20 15:04:10.774	Yanina Bustos	ybustos@ingsw.com	user	UMSME4J7L	xoxp-2756934506-740728154258-1654212942244-e60979ede94a7b65d5e90bc00d1eeac2	t	https://avatars.slack-edge.com/2019-09-25/773208031285_d5bf58750b12b9329e23_192.png
9081fd60-f030-4d20-b3a1-58f8e9021d43	2021-01-18 14:35:51.899	2021-01-27 17:54:19.231	Gabriel Chertok	gchertok@ingsw.com	user	U02N8TGEY	xoxp-2756934506-2756934508-1675446718854-1ede8a31c14fbd8f0865e9d32536c8b7	t	https://avatars.slack-edge.com/2018-01-31/307718744148_71dd21dd92fab2ea428c_192.jpg
7b9e110a-97bf-421c-8773-12aa921f3f9a	2021-01-18 20:02:32.747	2021-01-20 15:04:10.774	Jesús González	jgonzalez@ingsw.com	user	UD04GHNNS	xoxp-2756934506-442152600774-1648403651603-bc996468b559169853859d586fb9a819	t	https://avatars.slack-edge.com/2018-09-21/440806034322_409c326a267ff1e8a221_192.jpg
\.


--
-- Data for Name: _Migration; Type: TABLE DATA; Schema: public; Owner: doadmin
--

COPY public."_Migration" (revision, name, datamodel, status, applied, rolled_back, datamodel_steps, database_migration, errors, started_at, finished_at) FROM stdin;
2	20201231215151-initial-migration	datasource db {\n  provider = "postgresql"\n  url      = "***"\n}\n\nmodel User {\n  id             Int       @id @default(autoincrement())\n  createdAt      DateTime  @default(now())\n  updatedAt      DateTime  @updatedAt\n  name           String?\n  email          String    @unique\n  hashedPassword String?\n  role           String    @default("user")\n  sessions       Session[]\n}\n\nmodel Session {\n  id                 Int       @id @default(autoincrement())\n  createdAt          DateTime  @default(now())\n  updatedAt          DateTime  @updatedAt\n  expiresAt          DateTime?\n  handle             String    @unique\n  user               User?     @relation(fields: [userId], references: [id])\n  userId             Int?\n  hashedSessionToken String?\n  antiCSRFToken      String?\n  publicData         String?\n  privateData        String?\n}\n	MigrationSuccess	0	0	[{"tag":"UpdateArgument","location":{"tag":"Source","source":"db"},"argument":"provider","newValue":"\\"postgresql\\""}]	{"before":{"tables":[{"name":"_Migration","columns":[{"name":"revision","tpe":{"dataType":"integer","fullDataType":"int4","characterMaximumLength":null,"family":"int","arity":"required","nativeType":"Integer"},"default":{"SEQUENCE":"nextval('\\"_Migration_revision_seq\\"'::regclass)"},"autoIncrement":true},{"name":"name","tpe":{"dataType":"text","fullDataType":"text","characterMaximumLength":null,"family":"string","arity":"required","nativeType":"Text"},"default":null,"autoIncrement":false},{"name":"datamodel","tpe":{"dataType":"text","fullDataType":"text","characterMaximumLength":null,"family":"string","arity":"required","nativeType":"Text"},"default":null,"autoIncrement":false},{"name":"status","tpe":{"dataType":"text","fullDataType":"text","characterMaximumLength":null,"family":"string","arity":"required","nativeType":"Text"},"default":null,"autoIncrement":false},{"name":"applied","tpe":{"dataType":"integer","fullDataType":"int4","characterMaximumLength":null,"family":"int","arity":"required","nativeType":"Integer"},"default":null,"autoIncrement":false},{"name":"rolled_back","tpe":{"dataType":"integer","fullDataType":"int4","characterMaximumLength":null,"family":"int","arity":"required","nativeType":"Integer"},"default":null,"autoIncrement":false},{"name":"datamodel_steps","tpe":{"dataType":"text","fullDataType":"text","characterMaximumLength":null,"family":"string","arity":"required","nativeType":"Text"},"default":null,"autoIncrement":false},{"name":"database_migration","tpe":{"dataType":"text","fullDataType":"text","characterMaximumLength":null,"family":"string","arity":"required","nativeType":"Text"},"default":null,"autoIncrement":false},{"name":"errors","tpe":{"dataType":"text","fullDataType":"text","characterMaximumLength":null,"family":"string","arity":"required","nativeType":"Text"},"default":null,"autoIncrement":false},{"name":"started_at","tpe":{"dataType":"timestamp without time zone","fullDataType":"timestamp","characterMaximumLength":null,"family":"dateTime","arity":"required","nativeType":{"Timestamp":3}},"default":null,"autoIncrement":false},{"name":"finished_at","tpe":{"dataType":"timestamp without time zone","fullDataType":"timestamp","characterMaximumLength":null,"family":"dateTime","arity":"nullable","nativeType":{"Timestamp":3}},"default":null,"autoIncrement":false}],"indices":[],"primaryKey":{"columns":["revision"],"sequence":{"name":"_Migration_revision_seq","initialValue":1,"allocationSize":1},"constraintName":"_Migration_pkey"},"foreignKeys":[]},{"name":"Session","columns":[{"name":"id","tpe":{"dataType":"integer","fullDataType":"int4","characterMaximumLength":null,"family":"int","arity":"required","nativeType":"Integer"},"default":{"SEQUENCE":"nextval('\\"Session_id_seq\\"'::regclass)"},"autoIncrement":true},{"name":"createdAt","tpe":{"dataType":"timestamp without time zone","fullDataType":"timestamp","characterMaximumLength":null,"family":"dateTime","arity":"required","nativeType":{"Timestamp":3}},"default":"NOW","autoIncrement":false},{"name":"updatedAt","tpe":{"dataType":"timestamp without time zone","fullDataType":"timestamp","characterMaximumLength":null,"family":"dateTime","arity":"required","nativeType":{"Timestamp":3}},"default":null,"autoIncrement":false},{"name":"expiresAt","tpe":{"dataType":"timestamp without time zone","fullDataType":"timestamp","characterMaximumLength":null,"family":"dateTime","arity":"nullable","nativeType":{"Timestamp":3}},"default":null,"autoIncrement":false},{"name":"handle","tpe":{"dataType":"text","fullDataType":"text","characterMaximumLength":null,"family":"string","arity":"required","nativeType":"Text"},"default":null,"autoIncrement":false},{"name":"userId","tpe":{"dataType":"integer","fullDataType":"int4","characterMaximumLength":null,"family":"int","arity":"nullable","nativeType":"Integer"},"default":null,"autoIncrement":false},{"name":"hashedSessionToken","tpe":{"dataType":"text","fullDataType":"text","characterMaximumLength":null,"family":"string","arity":"nullable","nativeType":"Text"},"default":null,"autoIncrement":false},{"name":"antiCSRFToken","tpe":{"dataType":"text","fullDataType":"text","characterMaximumLength":null,"family":"string","arity":"nullable","nativeType":"Text"},"default":null,"autoIncrement":false},{"name":"publicData","tpe":{"dataType":"text","fullDataType":"text","characterMaximumLength":null,"family":"string","arity":"nullable","nativeType":"Text"},"default":null,"autoIncrement":false},{"name":"privateData","tpe":{"dataType":"text","fullDataType":"text","characterMaximumLength":null,"family":"string","arity":"nullable","nativeType":"Text"},"default":null,"autoIncrement":false}],"indices":[{"name":"Session.handle_unique","columns":["handle"],"tpe":"unique"}],"primaryKey":{"columns":["id"],"sequence":{"name":"Session_id_seq","initialValue":1,"allocationSize":1},"constraintName":"Session_pkey"},"foreignKeys":[{"constraintName":"Session_userId_fkey","columns":["userId"],"referencedTable":"User","referencedColumns":["id"],"onDeleteAction":"setNull","onUpdateAction":"cascade"}]},{"name":"User","columns":[{"name":"id","tpe":{"dataType":"integer","fullDataType":"int4","characterMaximumLength":null,"family":"int","arity":"required","nativeType":"Integer"},"default":{"SEQUENCE":"nextval('\\"User_id_seq\\"'::regclass)"},"autoIncrement":true},{"name":"createdAt","tpe":{"dataType":"timestamp without time zone","fullDataType":"timestamp","characterMaximumLength":null,"family":"dateTime","arity":"required","nativeType":{"Timestamp":3}},"default":"NOW","autoIncrement":false},{"name":"updatedAt","tpe":{"dataType":"timestamp without time zone","fullDataType":"timestamp","characterMaximumLength":null,"family":"dateTime","arity":"required","nativeType":{"Timestamp":3}},"default":null,"autoIncrement":false},{"name":"name","tpe":{"dataType":"text","fullDataType":"text","characterMaximumLength":null,"family":"string","arity":"nullable","nativeType":"Text"},"default":null,"autoIncrement":false},{"name":"email","tpe":{"dataType":"text","fullDataType":"text","characterMaximumLength":null,"family":"string","arity":"required","nativeType":"Text"},"default":null,"autoIncrement":false},{"name":"hashedPassword","tpe":{"dataType":"text","fullDataType":"text","characterMaximumLength":null,"family":"string","arity":"nullable","nativeType":"Text"},"default":null,"autoIncrement":false},{"name":"role","tpe":{"dataType":"text","fullDataType":"text","characterMaximumLength":null,"family":"string","arity":"required","nativeType":"Text"},"default":{"VALUE":"user"},"autoIncrement":false}],"indices":[{"name":"User.email_unique","columns":["email"],"tpe":"unique"}],"primaryKey":{"columns":["id"],"sequence":{"name":"User_id_seq","initialValue":1,"allocationSize":1},"constraintName":"User_pkey"},"foreignKeys":[]}],"enums":[],"sequences":[{"name":"_Migration_revision_seq","initialValue":1,"allocationSize":1},{"name":"User_id_seq","initialValue":1,"allocationSize":1},{"name":"Session_id_seq","initialValue":1,"allocationSize":1}]},"after":{"tables":[{"name":"User","columns":[{"name":"id","tpe":{"dataType":"","fullDataType":"","characterMaximumLength":null,"family":"int","arity":"required","nativeType":null},"default":{"SEQUENCE":""},"autoIncrement":true},{"name":"createdAt","tpe":{"dataType":"","fullDataType":"","characterMaximumLength":null,"family":"dateTime","arity":"required","nativeType":null},"default":"NOW","autoIncrement":false},{"name":"updatedAt","tpe":{"dataType":"","fullDataType":"","characterMaximumLength":null,"family":"dateTime","arity":"required","nativeType":null},"default":null,"autoIncrement":false},{"name":"name","tpe":{"dataType":"","fullDataType":"","characterMaximumLength":null,"family":"string","arity":"nullable","nativeType":null},"default":null,"autoIncrement":false},{"name":"email","tpe":{"dataType":"","fullDataType":"","characterMaximumLength":null,"family":"string","arity":"required","nativeType":null},"default":null,"autoIncrement":false},{"name":"hashedPassword","tpe":{"dataType":"","fullDataType":"","characterMaximumLength":null,"family":"string","arity":"nullable","nativeType":null},"default":null,"autoIncrement":false},{"name":"role","tpe":{"dataType":"","fullDataType":"","characterMaximumLength":null,"family":"string","arity":"required","nativeType":null},"default":{"VALUE":"user"},"autoIncrement":false}],"indices":[{"name":"User.email_unique","columns":["email"],"tpe":"unique"}],"primaryKey":{"columns":["id"],"sequence":null,"constraintName":null},"foreignKeys":[]},{"name":"Session","columns":[{"name":"id","tpe":{"dataType":"","fullDataType":"","characterMaximumLength":null,"family":"int","arity":"required","nativeType":null},"default":{"SEQUENCE":""},"autoIncrement":true},{"name":"createdAt","tpe":{"dataType":"","fullDataType":"","characterMaximumLength":null,"family":"dateTime","arity":"required","nativeType":null},"default":"NOW","autoIncrement":false},{"name":"updatedAt","tpe":{"dataType":"","fullDataType":"","characterMaximumLength":null,"family":"dateTime","arity":"required","nativeType":null},"default":null,"autoIncrement":false},{"name":"expiresAt","tpe":{"dataType":"","fullDataType":"","characterMaximumLength":null,"family":"dateTime","arity":"nullable","nativeType":null},"default":null,"autoIncrement":false},{"name":"handle","tpe":{"dataType":"","fullDataType":"","characterMaximumLength":null,"family":"string","arity":"required","nativeType":null},"default":null,"autoIncrement":false},{"name":"userId","tpe":{"dataType":"","fullDataType":"","characterMaximumLength":null,"family":"int","arity":"nullable","nativeType":null},"default":null,"autoIncrement":false},{"name":"hashedSessionToken","tpe":{"dataType":"","fullDataType":"","characterMaximumLength":null,"family":"string","arity":"nullable","nativeType":null},"default":null,"autoIncrement":false},{"name":"antiCSRFToken","tpe":{"dataType":"","fullDataType":"","characterMaximumLength":null,"family":"string","arity":"nullable","nativeType":null},"default":null,"autoIncrement":false},{"name":"publicData","tpe":{"dataType":"","fullDataType":"","characterMaximumLength":null,"family":"string","arity":"nullable","nativeType":null},"default":null,"autoIncrement":false},{"name":"privateData","tpe":{"dataType":"","fullDataType":"","characterMaximumLength":null,"family":"string","arity":"nullable","nativeType":null},"default":null,"autoIncrement":false}],"indices":[{"name":"Session.handle_unique","columns":["handle"],"tpe":"unique"}],"primaryKey":{"columns":["id"],"sequence":null,"constraintName":null},"foreignKeys":[{"constraintName":null,"columns":["userId"],"referencedTable":"User","referencedColumns":["id"],"onDeleteAction":"setNull","onUpdateAction":"cascade"}]}],"enums":[],"sequences":[]},"steps":[]}	[]	2021-01-18 14:30:34.509	2021-01-18 14:30:35.148
1	20201231214134-initial-migration	datasource db {\n  provider = "sqlite"\n  url      = "***"\n}\n\nmodel User {\n  id             Int       @id @default(autoincrement())\n  createdAt      DateTime  @default(now())\n  updatedAt      DateTime  @updatedAt\n  name           String?\n  email          String    @unique\n  hashedPassword String?\n  role           String    @default("user")\n  sessions       Session[]\n}\n\nmodel Session {\n  id                 Int       @id @default(autoincrement())\n  createdAt          DateTime  @default(now())\n  updatedAt          DateTime  @updatedAt\n  expiresAt          DateTime?\n  handle             String    @unique\n  user               User?     @relation(fields: [userId], references: [id])\n  userId             Int?\n  hashedSessionToken String?\n  antiCSRFToken      String?\n  publicData         String?\n  privateData        String?\n}\n	MigrationSuccess	5	0	[{"tag":"CreateSource","source":"db"},{"tag":"CreateArgument","location":{"tag":"Source","source":"db"},"argument":"provider","value":"\\"sqlite\\""},{"tag":"CreateArgument","location":{"tag":"Source","source":"db"},"argument":"url","value":"\\"***\\""},{"tag":"CreateModel","model":"User"},{"tag":"CreateField","model":"User","field":"id","type":"Int","arity":"Required"},{"tag":"CreateDirective","location":{"path":{"tag":"Field","model":"User","field":"id"},"directive":"default"}},{"tag":"CreateArgument","location":{"tag":"Directive","path":{"tag":"Field","model":"User","field":"id"},"directive":"default"},"argument":"","value":"autoincrement()"},{"tag":"CreateDirective","location":{"path":{"tag":"Field","model":"User","field":"id"},"directive":"id"}},{"tag":"CreateField","model":"User","field":"createdAt","type":"DateTime","arity":"Required"},{"tag":"CreateDirective","location":{"path":{"tag":"Field","model":"User","field":"createdAt"},"directive":"default"}},{"tag":"CreateArgument","location":{"tag":"Directive","path":{"tag":"Field","model":"User","field":"createdAt"},"directive":"default"},"argument":"","value":"now()"},{"tag":"CreateField","model":"User","field":"updatedAt","type":"DateTime","arity":"Required"},{"tag":"CreateDirective","location":{"path":{"tag":"Field","model":"User","field":"updatedAt"},"directive":"updatedAt"}},{"tag":"CreateField","model":"User","field":"name","type":"String","arity":"Optional"},{"tag":"CreateField","model":"User","field":"email","type":"String","arity":"Required"},{"tag":"CreateDirective","location":{"path":{"tag":"Field","model":"User","field":"email"},"directive":"unique"}},{"tag":"CreateField","model":"User","field":"hashedPassword","type":"String","arity":"Optional"},{"tag":"CreateField","model":"User","field":"role","type":"String","arity":"Required"},{"tag":"CreateDirective","location":{"path":{"tag":"Field","model":"User","field":"role"},"directive":"default"}},{"tag":"CreateArgument","location":{"tag":"Directive","path":{"tag":"Field","model":"User","field":"role"},"directive":"default"},"argument":"","value":"\\"user\\""},{"tag":"CreateField","model":"User","field":"sessions","type":"Session","arity":"List"},{"tag":"CreateModel","model":"Session"},{"tag":"CreateField","model":"Session","field":"id","type":"Int","arity":"Required"},{"tag":"CreateDirective","location":{"path":{"tag":"Field","model":"Session","field":"id"},"directive":"default"}},{"tag":"CreateArgument","location":{"tag":"Directive","path":{"tag":"Field","model":"Session","field":"id"},"directive":"default"},"argument":"","value":"autoincrement()"},{"tag":"CreateDirective","location":{"path":{"tag":"Field","model":"Session","field":"id"},"directive":"id"}},{"tag":"CreateField","model":"Session","field":"createdAt","type":"DateTime","arity":"Required"},{"tag":"CreateDirective","location":{"path":{"tag":"Field","model":"Session","field":"createdAt"},"directive":"default"}},{"tag":"CreateArgument","location":{"tag":"Directive","path":{"tag":"Field","model":"Session","field":"createdAt"},"directive":"default"},"argument":"","value":"now()"},{"tag":"CreateField","model":"Session","field":"updatedAt","type":"DateTime","arity":"Required"},{"tag":"CreateDirective","location":{"path":{"tag":"Field","model":"Session","field":"updatedAt"},"directive":"updatedAt"}},{"tag":"CreateField","model":"Session","field":"expiresAt","type":"DateTime","arity":"Optional"},{"tag":"CreateField","model":"Session","field":"handle","type":"String","arity":"Required"},{"tag":"CreateDirective","location":{"path":{"tag":"Field","model":"Session","field":"handle"},"directive":"unique"}},{"tag":"CreateField","model":"Session","field":"user","type":"User","arity":"Optional"},{"tag":"CreateDirective","location":{"path":{"tag":"Field","model":"Session","field":"user"},"directive":"relation"}},{"tag":"CreateArgument","location":{"tag":"Directive","path":{"tag":"Field","model":"Session","field":"user"},"directive":"relation"},"argument":"fields","value":"[userId]"},{"tag":"CreateArgument","location":{"tag":"Directive","path":{"tag":"Field","model":"Session","field":"user"},"directive":"relation"},"argument":"references","value":"[id]"},{"tag":"CreateField","model":"Session","field":"userId","type":"Int","arity":"Optional"},{"tag":"CreateField","model":"Session","field":"hashedSessionToken","type":"String","arity":"Optional"},{"tag":"CreateField","model":"Session","field":"antiCSRFToken","type":"String","arity":"Optional"},{"tag":"CreateField","model":"Session","field":"publicData","type":"String","arity":"Optional"},{"tag":"CreateField","model":"Session","field":"privateData","type":"String","arity":"Optional"}]	{"before":{"tables":[{"name":"_Migration","columns":[{"name":"revision","tpe":{"dataType":"integer","fullDataType":"int4","characterMaximumLength":null,"family":"int","arity":"required","nativeType":"Integer"},"default":{"SEQUENCE":"nextval('\\"_Migration_revision_seq\\"'::regclass)"},"autoIncrement":true},{"name":"name","tpe":{"dataType":"text","fullDataType":"text","characterMaximumLength":null,"family":"string","arity":"required","nativeType":"Text"},"default":null,"autoIncrement":false},{"name":"datamodel","tpe":{"dataType":"text","fullDataType":"text","characterMaximumLength":null,"family":"string","arity":"required","nativeType":"Text"},"default":null,"autoIncrement":false},{"name":"status","tpe":{"dataType":"text","fullDataType":"text","characterMaximumLength":null,"family":"string","arity":"required","nativeType":"Text"},"default":null,"autoIncrement":false},{"name":"applied","tpe":{"dataType":"integer","fullDataType":"int4","characterMaximumLength":null,"family":"int","arity":"required","nativeType":"Integer"},"default":null,"autoIncrement":false},{"name":"rolled_back","tpe":{"dataType":"integer","fullDataType":"int4","characterMaximumLength":null,"family":"int","arity":"required","nativeType":"Integer"},"default":null,"autoIncrement":false},{"name":"datamodel_steps","tpe":{"dataType":"text","fullDataType":"text","characterMaximumLength":null,"family":"string","arity":"required","nativeType":"Text"},"default":null,"autoIncrement":false},{"name":"database_migration","tpe":{"dataType":"text","fullDataType":"text","characterMaximumLength":null,"family":"string","arity":"required","nativeType":"Text"},"default":null,"autoIncrement":false},{"name":"errors","tpe":{"dataType":"text","fullDataType":"text","characterMaximumLength":null,"family":"string","arity":"required","nativeType":"Text"},"default":null,"autoIncrement":false},{"name":"started_at","tpe":{"dataType":"timestamp without time zone","fullDataType":"timestamp","characterMaximumLength":null,"family":"dateTime","arity":"required","nativeType":{"Timestamp":3}},"default":null,"autoIncrement":false},{"name":"finished_at","tpe":{"dataType":"timestamp without time zone","fullDataType":"timestamp","characterMaximumLength":null,"family":"dateTime","arity":"nullable","nativeType":{"Timestamp":3}},"default":null,"autoIncrement":false}],"indices":[],"primaryKey":{"columns":["revision"],"sequence":{"name":"_Migration_revision_seq","initialValue":1,"allocationSize":1},"constraintName":"_Migration_pkey"},"foreignKeys":[]}],"enums":[],"sequences":[{"name":"_Migration_revision_seq","initialValue":1,"allocationSize":1}]},"after":{"tables":[{"name":"User","columns":[{"name":"id","tpe":{"dataType":"","fullDataType":"","characterMaximumLength":null,"family":"int","arity":"required","nativeType":null},"default":{"SEQUENCE":""},"autoIncrement":true},{"name":"createdAt","tpe":{"dataType":"","fullDataType":"","characterMaximumLength":null,"family":"dateTime","arity":"required","nativeType":null},"default":"NOW","autoIncrement":false},{"name":"updatedAt","tpe":{"dataType":"","fullDataType":"","characterMaximumLength":null,"family":"dateTime","arity":"required","nativeType":null},"default":null,"autoIncrement":false},{"name":"name","tpe":{"dataType":"","fullDataType":"","characterMaximumLength":null,"family":"string","arity":"nullable","nativeType":null},"default":null,"autoIncrement":false},{"name":"email","tpe":{"dataType":"","fullDataType":"","characterMaximumLength":null,"family":"string","arity":"required","nativeType":null},"default":null,"autoIncrement":false},{"name":"hashedPassword","tpe":{"dataType":"","fullDataType":"","characterMaximumLength":null,"family":"string","arity":"nullable","nativeType":null},"default":null,"autoIncrement":false},{"name":"role","tpe":{"dataType":"","fullDataType":"","characterMaximumLength":null,"family":"string","arity":"required","nativeType":null},"default":{"VALUE":"user"},"autoIncrement":false}],"indices":[{"name":"User.email_unique","columns":["email"],"tpe":"unique"}],"primaryKey":{"columns":["id"],"sequence":null,"constraintName":null},"foreignKeys":[]},{"name":"Session","columns":[{"name":"id","tpe":{"dataType":"","fullDataType":"","characterMaximumLength":null,"family":"int","arity":"required","nativeType":null},"default":{"SEQUENCE":""},"autoIncrement":true},{"name":"createdAt","tpe":{"dataType":"","fullDataType":"","characterMaximumLength":null,"family":"dateTime","arity":"required","nativeType":null},"default":"NOW","autoIncrement":false},{"name":"updatedAt","tpe":{"dataType":"","fullDataType":"","characterMaximumLength":null,"family":"dateTime","arity":"required","nativeType":null},"default":null,"autoIncrement":false},{"name":"expiresAt","tpe":{"dataType":"","fullDataType":"","characterMaximumLength":null,"family":"dateTime","arity":"nullable","nativeType":null},"default":null,"autoIncrement":false},{"name":"handle","tpe":{"dataType":"","fullDataType":"","characterMaximumLength":null,"family":"string","arity":"required","nativeType":null},"default":null,"autoIncrement":false},{"name":"userId","tpe":{"dataType":"","fullDataType":"","characterMaximumLength":null,"family":"int","arity":"nullable","nativeType":null},"default":null,"autoIncrement":false},{"name":"hashedSessionToken","tpe":{"dataType":"","fullDataType":"","characterMaximumLength":null,"family":"string","arity":"nullable","nativeType":null},"default":null,"autoIncrement":false},{"name":"antiCSRFToken","tpe":{"dataType":"","fullDataType":"","characterMaximumLength":null,"family":"string","arity":"nullable","nativeType":null},"default":null,"autoIncrement":false},{"name":"publicData","tpe":{"dataType":"","fullDataType":"","characterMaximumLength":null,"family":"string","arity":"nullable","nativeType":null},"default":null,"autoIncrement":false},{"name":"privateData","tpe":{"dataType":"","fullDataType":"","characterMaximumLength":null,"family":"string","arity":"nullable","nativeType":null},"default":null,"autoIncrement":false}],"indices":[{"name":"Session.handle_unique","columns":["handle"],"tpe":"unique"}],"primaryKey":{"columns":["id"],"sequence":null,"constraintName":null},"foreignKeys":[{"constraintName":null,"columns":["userId"],"referencedTable":"User","referencedColumns":["id"],"onDeleteAction":"setNull","onUpdateAction":"cascade"}]}],"enums":[],"sequences":[]},"steps":[{"CreateTable":{}},{"CreateTable":{}},{"CreateIndex":{}},{"CreateIndex":{}},{"AddForeignKey":{}}]}	[]	2021-01-18 14:30:27.612	2021-01-18 14:30:30.632
3	20201231215653-add-message	datasource db {\n  provider = "postgresql"\n  url      = "***"\n}\n\nmodel User {\n  id             String    @id @default(uuid())\n  createdAt      DateTime  @default(now())\n  updatedAt      DateTime  @updatedAt\n  name           String?\n  email          String    @unique\n  hashedPassword String?\n  role           String    @default("user")\n  sessions       Session[]\n  messages       Message[]\n}\n\nmodel Session {\n  id                 String    @id @default(uuid())\n  createdAt          DateTime  @default(now())\n  updatedAt          DateTime  @updatedAt\n  expiresAt          DateTime?\n  handle             String    @unique\n  user               User?     @relation(fields: [userId], references: [id])\n  userId             String?\n  hashedSessionToken String?\n  antiCSRFToken      String?\n  publicData         String?\n  privateData        String?\n}\n\nmodel Message {\n  id        String   @id @default(uuid())\n  createdAt DateTime @default(now())\n  updatedAt DateTime @updatedAt\n  title     String\n  body      String\n  user      User     @relation(fields: [userId], references: [id])\n  userId    String\n}\n	MigrationSuccess	6	0	[{"tag":"CreateModel","model":"Message"},{"tag":"CreateField","model":"Message","field":"id","type":"String","arity":"Required"},{"tag":"CreateDirective","location":{"path":{"tag":"Field","model":"Message","field":"id"},"directive":"id"}},{"tag":"CreateDirective","location":{"path":{"tag":"Field","model":"Message","field":"id"},"directive":"default"}},{"tag":"CreateArgument","location":{"tag":"Directive","path":{"tag":"Field","model":"Message","field":"id"},"directive":"default"},"argument":"","value":"uuid()"},{"tag":"CreateField","model":"Message","field":"createdAt","type":"DateTime","arity":"Required"},{"tag":"CreateDirective","location":{"path":{"tag":"Field","model":"Message","field":"createdAt"},"directive":"default"}},{"tag":"CreateArgument","location":{"tag":"Directive","path":{"tag":"Field","model":"Message","field":"createdAt"},"directive":"default"},"argument":"","value":"now()"},{"tag":"CreateField","model":"Message","field":"updatedAt","type":"DateTime","arity":"Required"},{"tag":"CreateDirective","location":{"path":{"tag":"Field","model":"Message","field":"updatedAt"},"directive":"updatedAt"}},{"tag":"CreateField","model":"Message","field":"title","type":"String","arity":"Required"},{"tag":"CreateField","model":"Message","field":"body","type":"String","arity":"Required"},{"tag":"CreateField","model":"Message","field":"user","type":"User","arity":"Required"},{"tag":"CreateDirective","location":{"path":{"tag":"Field","model":"Message","field":"user"},"directive":"relation"}},{"tag":"CreateArgument","location":{"tag":"Directive","path":{"tag":"Field","model":"Message","field":"user"},"directive":"relation"},"argument":"fields","value":"[userId]"},{"tag":"CreateArgument","location":{"tag":"Directive","path":{"tag":"Field","model":"Message","field":"user"},"directive":"relation"},"argument":"references","value":"[id]"},{"tag":"CreateField","model":"Message","field":"userId","type":"String","arity":"Required"},{"tag":"CreateField","model":"User","field":"messages","type":"Message","arity":"List"},{"tag":"UpdateField","model":"User","field":"id","type":"String"},{"tag":"UpdateArgument","location":{"tag":"Directive","path":{"tag":"Field","model":"User","field":"id"},"directive":"default"},"argument":"","newValue":"uuid()"},{"tag":"UpdateField","model":"Session","field":"id","type":"String"},{"tag":"UpdateArgument","location":{"tag":"Directive","path":{"tag":"Field","model":"Session","field":"id"},"directive":"default"},"argument":"","newValue":"uuid()"},{"tag":"UpdateField","model":"Session","field":"userId","type":"String"}]	{"before":{"tables":[{"name":"_Migration","columns":[{"name":"revision","tpe":{"dataType":"integer","fullDataType":"int4","characterMaximumLength":null,"family":"int","arity":"required","nativeType":"Integer"},"default":{"SEQUENCE":"nextval('\\"_Migration_revision_seq\\"'::regclass)"},"autoIncrement":true},{"name":"name","tpe":{"dataType":"text","fullDataType":"text","characterMaximumLength":null,"family":"string","arity":"required","nativeType":"Text"},"default":null,"autoIncrement":false},{"name":"datamodel","tpe":{"dataType":"text","fullDataType":"text","characterMaximumLength":null,"family":"string","arity":"required","nativeType":"Text"},"default":null,"autoIncrement":false},{"name":"status","tpe":{"dataType":"text","fullDataType":"text","characterMaximumLength":null,"family":"string","arity":"required","nativeType":"Text"},"default":null,"autoIncrement":false},{"name":"applied","tpe":{"dataType":"integer","fullDataType":"int4","characterMaximumLength":null,"family":"int","arity":"required","nativeType":"Integer"},"default":null,"autoIncrement":false},{"name":"rolled_back","tpe":{"dataType":"integer","fullDataType":"int4","characterMaximumLength":null,"family":"int","arity":"required","nativeType":"Integer"},"default":null,"autoIncrement":false},{"name":"datamodel_steps","tpe":{"dataType":"text","fullDataType":"text","characterMaximumLength":null,"family":"string","arity":"required","nativeType":"Text"},"default":null,"autoIncrement":false},{"name":"database_migration","tpe":{"dataType":"text","fullDataType":"text","characterMaximumLength":null,"family":"string","arity":"required","nativeType":"Text"},"default":null,"autoIncrement":false},{"name":"errors","tpe":{"dataType":"text","fullDataType":"text","characterMaximumLength":null,"family":"string","arity":"required","nativeType":"Text"},"default":null,"autoIncrement":false},{"name":"started_at","tpe":{"dataType":"timestamp without time zone","fullDataType":"timestamp","characterMaximumLength":null,"family":"dateTime","arity":"required","nativeType":{"Timestamp":3}},"default":null,"autoIncrement":false},{"name":"finished_at","tpe":{"dataType":"timestamp without time zone","fullDataType":"timestamp","characterMaximumLength":null,"family":"dateTime","arity":"nullable","nativeType":{"Timestamp":3}},"default":null,"autoIncrement":false}],"indices":[],"primaryKey":{"columns":["revision"],"sequence":{"name":"_Migration_revision_seq","initialValue":1,"allocationSize":1},"constraintName":"_Migration_pkey"},"foreignKeys":[]},{"name":"Session","columns":[{"name":"id","tpe":{"dataType":"integer","fullDataType":"int4","characterMaximumLength":null,"family":"int","arity":"required","nativeType":"Integer"},"default":{"SEQUENCE":"nextval('\\"Session_id_seq\\"'::regclass)"},"autoIncrement":true},{"name":"createdAt","tpe":{"dataType":"timestamp without time zone","fullDataType":"timestamp","characterMaximumLength":null,"family":"dateTime","arity":"required","nativeType":{"Timestamp":3}},"default":"NOW","autoIncrement":false},{"name":"updatedAt","tpe":{"dataType":"timestamp without time zone","fullDataType":"timestamp","characterMaximumLength":null,"family":"dateTime","arity":"required","nativeType":{"Timestamp":3}},"default":null,"autoIncrement":false},{"name":"expiresAt","tpe":{"dataType":"timestamp without time zone","fullDataType":"timestamp","characterMaximumLength":null,"family":"dateTime","arity":"nullable","nativeType":{"Timestamp":3}},"default":null,"autoIncrement":false},{"name":"handle","tpe":{"dataType":"text","fullDataType":"text","characterMaximumLength":null,"family":"string","arity":"required","nativeType":"Text"},"default":null,"autoIncrement":false},{"name":"userId","tpe":{"dataType":"integer","fullDataType":"int4","characterMaximumLength":null,"family":"int","arity":"nullable","nativeType":"Integer"},"default":null,"autoIncrement":false},{"name":"hashedSessionToken","tpe":{"dataType":"text","fullDataType":"text","characterMaximumLength":null,"family":"string","arity":"nullable","nativeType":"Text"},"default":null,"autoIncrement":false},{"name":"antiCSRFToken","tpe":{"dataType":"text","fullDataType":"text","characterMaximumLength":null,"family":"string","arity":"nullable","nativeType":"Text"},"default":null,"autoIncrement":false},{"name":"publicData","tpe":{"dataType":"text","fullDataType":"text","characterMaximumLength":null,"family":"string","arity":"nullable","nativeType":"Text"},"default":null,"autoIncrement":false},{"name":"privateData","tpe":{"dataType":"text","fullDataType":"text","characterMaximumLength":null,"family":"string","arity":"nullable","nativeType":"Text"},"default":null,"autoIncrement":false}],"indices":[{"name":"Session.handle_unique","columns":["handle"],"tpe":"unique"}],"primaryKey":{"columns":["id"],"sequence":{"name":"Session_id_seq","initialValue":1,"allocationSize":1},"constraintName":"Session_pkey"},"foreignKeys":[{"constraintName":"Session_userId_fkey","columns":["userId"],"referencedTable":"User","referencedColumns":["id"],"onDeleteAction":"setNull","onUpdateAction":"cascade"}]},{"name":"User","columns":[{"name":"id","tpe":{"dataType":"integer","fullDataType":"int4","characterMaximumLength":null,"family":"int","arity":"required","nativeType":"Integer"},"default":{"SEQUENCE":"nextval('\\"User_id_seq\\"'::regclass)"},"autoIncrement":true},{"name":"createdAt","tpe":{"dataType":"timestamp without time zone","fullDataType":"timestamp","characterMaximumLength":null,"family":"dateTime","arity":"required","nativeType":{"Timestamp":3}},"default":"NOW","autoIncrement":false},{"name":"updatedAt","tpe":{"dataType":"timestamp without time zone","fullDataType":"timestamp","characterMaximumLength":null,"family":"dateTime","arity":"required","nativeType":{"Timestamp":3}},"default":null,"autoIncrement":false},{"name":"name","tpe":{"dataType":"text","fullDataType":"text","characterMaximumLength":null,"family":"string","arity":"nullable","nativeType":"Text"},"default":null,"autoIncrement":false},{"name":"email","tpe":{"dataType":"text","fullDataType":"text","characterMaximumLength":null,"family":"string","arity":"required","nativeType":"Text"},"default":null,"autoIncrement":false},{"name":"hashedPassword","tpe":{"dataType":"text","fullDataType":"text","characterMaximumLength":null,"family":"string","arity":"nullable","nativeType":"Text"},"default":null,"autoIncrement":false},{"name":"role","tpe":{"dataType":"text","fullDataType":"text","characterMaximumLength":null,"family":"string","arity":"required","nativeType":"Text"},"default":{"VALUE":"user"},"autoIncrement":false}],"indices":[{"name":"User.email_unique","columns":["email"],"tpe":"unique"}],"primaryKey":{"columns":["id"],"sequence":{"name":"User_id_seq","initialValue":1,"allocationSize":1},"constraintName":"User_pkey"},"foreignKeys":[]}],"enums":[],"sequences":[{"name":"_Migration_revision_seq","initialValue":1,"allocationSize":1},{"name":"User_id_seq","initialValue":1,"allocationSize":1},{"name":"Session_id_seq","initialValue":1,"allocationSize":1}]},"after":{"tables":[{"name":"User","columns":[{"name":"id","tpe":{"dataType":"","fullDataType":"","characterMaximumLength":null,"family":"string","arity":"required","nativeType":null},"default":null,"autoIncrement":false},{"name":"createdAt","tpe":{"dataType":"","fullDataType":"","characterMaximumLength":null,"family":"dateTime","arity":"required","nativeType":null},"default":"NOW","autoIncrement":false},{"name":"updatedAt","tpe":{"dataType":"","fullDataType":"","characterMaximumLength":null,"family":"dateTime","arity":"required","nativeType":null},"default":null,"autoIncrement":false},{"name":"name","tpe":{"dataType":"","fullDataType":"","characterMaximumLength":null,"family":"string","arity":"nullable","nativeType":null},"default":null,"autoIncrement":false},{"name":"email","tpe":{"dataType":"","fullDataType":"","characterMaximumLength":null,"family":"string","arity":"required","nativeType":null},"default":null,"autoIncrement":false},{"name":"hashedPassword","tpe":{"dataType":"","fullDataType":"","characterMaximumLength":null,"family":"string","arity":"nullable","nativeType":null},"default":null,"autoIncrement":false},{"name":"role","tpe":{"dataType":"","fullDataType":"","characterMaximumLength":null,"family":"string","arity":"required","nativeType":null},"default":{"VALUE":"user"},"autoIncrement":false}],"indices":[{"name":"User.email_unique","columns":["email"],"tpe":"unique"}],"primaryKey":{"columns":["id"],"sequence":null,"constraintName":null},"foreignKeys":[]},{"name":"Session","columns":[{"name":"id","tpe":{"dataType":"","fullDataType":"","characterMaximumLength":null,"family":"string","arity":"required","nativeType":null},"default":null,"autoIncrement":false},{"name":"createdAt","tpe":{"dataType":"","fullDataType":"","characterMaximumLength":null,"family":"dateTime","arity":"required","nativeType":null},"default":"NOW","autoIncrement":false},{"name":"updatedAt","tpe":{"dataType":"","fullDataType":"","characterMaximumLength":null,"family":"dateTime","arity":"required","nativeType":null},"default":null,"autoIncrement":false},{"name":"expiresAt","tpe":{"dataType":"","fullDataType":"","characterMaximumLength":null,"family":"dateTime","arity":"nullable","nativeType":null},"default":null,"autoIncrement":false},{"name":"handle","tpe":{"dataType":"","fullDataType":"","characterMaximumLength":null,"family":"string","arity":"required","nativeType":null},"default":null,"autoIncrement":false},{"name":"userId","tpe":{"dataType":"","fullDataType":"","characterMaximumLength":null,"family":"string","arity":"nullable","nativeType":null},"default":null,"autoIncrement":false},{"name":"hashedSessionToken","tpe":{"dataType":"","fullDataType":"","characterMaximumLength":null,"family":"string","arity":"nullable","nativeType":null},"default":null,"autoIncrement":false},{"name":"antiCSRFToken","tpe":{"dataType":"","fullDataType":"","characterMaximumLength":null,"family":"string","arity":"nullable","nativeType":null},"default":null,"autoIncrement":false},{"name":"publicData","tpe":{"dataType":"","fullDataType":"","characterMaximumLength":null,"family":"string","arity":"nullable","nativeType":null},"default":null,"autoIncrement":false},{"name":"privateData","tpe":{"dataType":"","fullDataType":"","characterMaximumLength":null,"family":"string","arity":"nullable","nativeType":null},"default":null,"autoIncrement":false}],"indices":[{"name":"Session.handle_unique","columns":["handle"],"tpe":"unique"}],"primaryKey":{"columns":["id"],"sequence":null,"constraintName":null},"foreignKeys":[{"constraintName":null,"columns":["userId"],"referencedTable":"User","referencedColumns":["id"],"onDeleteAction":"setNull","onUpdateAction":"cascade"}]},{"name":"Message","columns":[{"name":"id","tpe":{"dataType":"","fullDataType":"","characterMaximumLength":null,"family":"string","arity":"required","nativeType":null},"default":null,"autoIncrement":false},{"name":"createdAt","tpe":{"dataType":"","fullDataType":"","characterMaximumLength":null,"family":"dateTime","arity":"required","nativeType":null},"default":"NOW","autoIncrement":false},{"name":"updatedAt","tpe":{"dataType":"","fullDataType":"","characterMaximumLength":null,"family":"dateTime","arity":"required","nativeType":null},"default":null,"autoIncrement":false},{"name":"title","tpe":{"dataType":"","fullDataType":"","characterMaximumLength":null,"family":"string","arity":"required","nativeType":null},"default":null,"autoIncrement":false},{"name":"body","tpe":{"dataType":"","fullDataType":"","characterMaximumLength":null,"family":"string","arity":"required","nativeType":null},"default":null,"autoIncrement":false},{"name":"userId","tpe":{"dataType":"","fullDataType":"","characterMaximumLength":null,"family":"string","arity":"required","nativeType":null},"default":null,"autoIncrement":false}],"indices":[],"primaryKey":{"columns":["id"],"sequence":null,"constraintName":null},"foreignKeys":[{"constraintName":null,"columns":["userId"],"referencedTable":"User","referencedColumns":["id"],"onDeleteAction":"cascade","onUpdateAction":"cascade"}]}],"enums":[],"sequences":[]},"steps":[{"DropForeignKey":{}},{"AlterTable":{}},{"AlterTable":{}},{"CreateTable":{}},{"AddForeignKey":{}},{"AddForeignKey":{}}]}	[]	2021-01-18 14:30:39.032	2021-01-18 14:30:43.483
4	20210101232952-add-slack-channel-id-to-message	datasource db {\n  provider = "postgresql"\n  url      = "***"\n}\n\nmodel User {\n  id             String    @id @default(uuid())\n  createdAt      DateTime  @default(now())\n  updatedAt      DateTime  @updatedAt\n  name           String?\n  email          String    @unique\n  hashedPassword String?\n  role           String    @default("user")\n  sessions       Session[]\n  messages       Message[]\n}\n\nmodel Session {\n  id                 String    @id @default(uuid())\n  createdAt          DateTime  @default(now())\n  updatedAt          DateTime  @updatedAt\n  expiresAt          DateTime?\n  handle             String    @unique\n  user               User?     @relation(fields: [userId], references: [id])\n  userId             String?\n  hashedSessionToken String?\n  antiCSRFToken      String?\n  publicData         String?\n  privateData        String?\n}\n\nmodel Message {\n  id             String   @id @default(uuid())\n  createdAt      DateTime @default(now())\n  updatedAt      DateTime @updatedAt\n  title          String\n  body           String\n  user           User     @relation(fields: [userId], references: [id])\n  userId         String\n  slackChannelId String\n}\n	MigrationSuccess	1	0	[{"tag":"CreateField","model":"Message","field":"slackChannelId","type":"String","arity":"Required"}]	{"before":{"tables":[{"name":"Message","columns":[{"name":"id","tpe":{"dataType":"text","fullDataType":"text","characterMaximumLength":null,"family":"string","arity":"required","nativeType":"Text"},"default":null,"autoIncrement":false},{"name":"createdAt","tpe":{"dataType":"timestamp without time zone","fullDataType":"timestamp","characterMaximumLength":null,"family":"dateTime","arity":"required","nativeType":{"Timestamp":3}},"default":"NOW","autoIncrement":false},{"name":"updatedAt","tpe":{"dataType":"timestamp without time zone","fullDataType":"timestamp","characterMaximumLength":null,"family":"dateTime","arity":"required","nativeType":{"Timestamp":3}},"default":null,"autoIncrement":false},{"name":"title","tpe":{"dataType":"text","fullDataType":"text","characterMaximumLength":null,"family":"string","arity":"required","nativeType":"Text"},"default":null,"autoIncrement":false},{"name":"body","tpe":{"dataType":"text","fullDataType":"text","characterMaximumLength":null,"family":"string","arity":"required","nativeType":"Text"},"default":null,"autoIncrement":false},{"name":"userId","tpe":{"dataType":"text","fullDataType":"text","characterMaximumLength":null,"family":"string","arity":"required","nativeType":"Text"},"default":null,"autoIncrement":false}],"indices":[],"primaryKey":{"columns":["id"],"sequence":null,"constraintName":"Message_pkey"},"foreignKeys":[{"constraintName":"Message_userId_fkey","columns":["userId"],"referencedTable":"User","referencedColumns":["id"],"onDeleteAction":"cascade","onUpdateAction":"cascade"}]},{"name":"_Migration","columns":[{"name":"revision","tpe":{"dataType":"integer","fullDataType":"int4","characterMaximumLength":null,"family":"int","arity":"required","nativeType":"Integer"},"default":{"SEQUENCE":"nextval('\\"_Migration_revision_seq\\"'::regclass)"},"autoIncrement":true},{"name":"name","tpe":{"dataType":"text","fullDataType":"text","characterMaximumLength":null,"family":"string","arity":"required","nativeType":"Text"},"default":null,"autoIncrement":false},{"name":"datamodel","tpe":{"dataType":"text","fullDataType":"text","characterMaximumLength":null,"family":"string","arity":"required","nativeType":"Text"},"default":null,"autoIncrement":false},{"name":"status","tpe":{"dataType":"text","fullDataType":"text","characterMaximumLength":null,"family":"string","arity":"required","nativeType":"Text"},"default":null,"autoIncrement":false},{"name":"applied","tpe":{"dataType":"integer","fullDataType":"int4","characterMaximumLength":null,"family":"int","arity":"required","nativeType":"Integer"},"default":null,"autoIncrement":false},{"name":"rolled_back","tpe":{"dataType":"integer","fullDataType":"int4","characterMaximumLength":null,"family":"int","arity":"required","nativeType":"Integer"},"default":null,"autoIncrement":false},{"name":"datamodel_steps","tpe":{"dataType":"text","fullDataType":"text","characterMaximumLength":null,"family":"string","arity":"required","nativeType":"Text"},"default":null,"autoIncrement":false},{"name":"database_migration","tpe":{"dataType":"text","fullDataType":"text","characterMaximumLength":null,"family":"string","arity":"required","nativeType":"Text"},"default":null,"autoIncrement":false},{"name":"errors","tpe":{"dataType":"text","fullDataType":"text","characterMaximumLength":null,"family":"string","arity":"required","nativeType":"Text"},"default":null,"autoIncrement":false},{"name":"started_at","tpe":{"dataType":"timestamp without time zone","fullDataType":"timestamp","characterMaximumLength":null,"family":"dateTime","arity":"required","nativeType":{"Timestamp":3}},"default":null,"autoIncrement":false},{"name":"finished_at","tpe":{"dataType":"timestamp without time zone","fullDataType":"timestamp","characterMaximumLength":null,"family":"dateTime","arity":"nullable","nativeType":{"Timestamp":3}},"default":null,"autoIncrement":false}],"indices":[],"primaryKey":{"columns":["revision"],"sequence":{"name":"_Migration_revision_seq","initialValue":1,"allocationSize":1},"constraintName":"_Migration_pkey"},"foreignKeys":[]},{"name":"Session","columns":[{"name":"id","tpe":{"dataType":"text","fullDataType":"text","characterMaximumLength":null,"family":"string","arity":"required","nativeType":"Text"},"default":null,"autoIncrement":false},{"name":"createdAt","tpe":{"dataType":"timestamp without time zone","fullDataType":"timestamp","characterMaximumLength":null,"family":"dateTime","arity":"required","nativeType":{"Timestamp":3}},"default":"NOW","autoIncrement":false},{"name":"updatedAt","tpe":{"dataType":"timestamp without time zone","fullDataType":"timestamp","characterMaximumLength":null,"family":"dateTime","arity":"required","nativeType":{"Timestamp":3}},"default":null,"autoIncrement":false},{"name":"expiresAt","tpe":{"dataType":"timestamp without time zone","fullDataType":"timestamp","characterMaximumLength":null,"family":"dateTime","arity":"nullable","nativeType":{"Timestamp":3}},"default":null,"autoIncrement":false},{"name":"handle","tpe":{"dataType":"text","fullDataType":"text","characterMaximumLength":null,"family":"string","arity":"required","nativeType":"Text"},"default":null,"autoIncrement":false},{"name":"userId","tpe":{"dataType":"text","fullDataType":"text","characterMaximumLength":null,"family":"string","arity":"nullable","nativeType":"Text"},"default":null,"autoIncrement":false},{"name":"hashedSessionToken","tpe":{"dataType":"text","fullDataType":"text","characterMaximumLength":null,"family":"string","arity":"nullable","nativeType":"Text"},"default":null,"autoIncrement":false},{"name":"antiCSRFToken","tpe":{"dataType":"text","fullDataType":"text","characterMaximumLength":null,"family":"string","arity":"nullable","nativeType":"Text"},"default":null,"autoIncrement":false},{"name":"publicData","tpe":{"dataType":"text","fullDataType":"text","characterMaximumLength":null,"family":"string","arity":"nullable","nativeType":"Text"},"default":null,"autoIncrement":false},{"name":"privateData","tpe":{"dataType":"text","fullDataType":"text","characterMaximumLength":null,"family":"string","arity":"nullable","nativeType":"Text"},"default":null,"autoIncrement":false}],"indices":[{"name":"Session.handle_unique","columns":["handle"],"tpe":"unique"}],"primaryKey":{"columns":["id"],"sequence":null,"constraintName":"Session_pkey"},"foreignKeys":[{"constraintName":"Session_userId_fkey","columns":["userId"],"referencedTable":"User","referencedColumns":["id"],"onDeleteAction":"setNull","onUpdateAction":"cascade"}]},{"name":"User","columns":[{"name":"id","tpe":{"dataType":"text","fullDataType":"text","characterMaximumLength":null,"family":"string","arity":"required","nativeType":"Text"},"default":null,"autoIncrement":false},{"name":"createdAt","tpe":{"dataType":"timestamp without time zone","fullDataType":"timestamp","characterMaximumLength":null,"family":"dateTime","arity":"required","nativeType":{"Timestamp":3}},"default":"NOW","autoIncrement":false},{"name":"updatedAt","tpe":{"dataType":"timestamp without time zone","fullDataType":"timestamp","characterMaximumLength":null,"family":"dateTime","arity":"required","nativeType":{"Timestamp":3}},"default":null,"autoIncrement":false},{"name":"name","tpe":{"dataType":"text","fullDataType":"text","characterMaximumLength":null,"family":"string","arity":"nullable","nativeType":"Text"},"default":null,"autoIncrement":false},{"name":"email","tpe":{"dataType":"text","fullDataType":"text","characterMaximumLength":null,"family":"string","arity":"required","nativeType":"Text"},"default":null,"autoIncrement":false},{"name":"hashedPassword","tpe":{"dataType":"text","fullDataType":"text","characterMaximumLength":null,"family":"string","arity":"nullable","nativeType":"Text"},"default":null,"autoIncrement":false},{"name":"role","tpe":{"dataType":"text","fullDataType":"text","characterMaximumLength":null,"family":"string","arity":"required","nativeType":"Text"},"default":{"VALUE":"user"},"autoIncrement":false}],"indices":[{"name":"User.email_unique","columns":["email"],"tpe":"unique"}],"primaryKey":{"columns":["id"],"sequence":null,"constraintName":"User_pkey"},"foreignKeys":[]}],"enums":[],"sequences":[{"name":"_Migration_revision_seq","initialValue":1,"allocationSize":1}]},"after":{"tables":[{"name":"User","columns":[{"name":"id","tpe":{"dataType":"","fullDataType":"","characterMaximumLength":null,"family":"string","arity":"required","nativeType":null},"default":null,"autoIncrement":false},{"name":"createdAt","tpe":{"dataType":"","fullDataType":"","characterMaximumLength":null,"family":"dateTime","arity":"required","nativeType":null},"default":"NOW","autoIncrement":false},{"name":"updatedAt","tpe":{"dataType":"","fullDataType":"","characterMaximumLength":null,"family":"dateTime","arity":"required","nativeType":null},"default":null,"autoIncrement":false},{"name":"name","tpe":{"dataType":"","fullDataType":"","characterMaximumLength":null,"family":"string","arity":"nullable","nativeType":null},"default":null,"autoIncrement":false},{"name":"email","tpe":{"dataType":"","fullDataType":"","characterMaximumLength":null,"family":"string","arity":"required","nativeType":null},"default":null,"autoIncrement":false},{"name":"hashedPassword","tpe":{"dataType":"","fullDataType":"","characterMaximumLength":null,"family":"string","arity":"nullable","nativeType":null},"default":null,"autoIncrement":false},{"name":"role","tpe":{"dataType":"","fullDataType":"","characterMaximumLength":null,"family":"string","arity":"required","nativeType":null},"default":{"VALUE":"user"},"autoIncrement":false}],"indices":[{"name":"User.email_unique","columns":["email"],"tpe":"unique"}],"primaryKey":{"columns":["id"],"sequence":null,"constraintName":null},"foreignKeys":[]},{"name":"Session","columns":[{"name":"id","tpe":{"dataType":"","fullDataType":"","characterMaximumLength":null,"family":"string","arity":"required","nativeType":null},"default":null,"autoIncrement":false},{"name":"createdAt","tpe":{"dataType":"","fullDataType":"","characterMaximumLength":null,"family":"dateTime","arity":"required","nativeType":null},"default":"NOW","autoIncrement":false},{"name":"updatedAt","tpe":{"dataType":"","fullDataType":"","characterMaximumLength":null,"family":"dateTime","arity":"required","nativeType":null},"default":null,"autoIncrement":false},{"name":"expiresAt","tpe":{"dataType":"","fullDataType":"","characterMaximumLength":null,"family":"dateTime","arity":"nullable","nativeType":null},"default":null,"autoIncrement":false},{"name":"handle","tpe":{"dataType":"","fullDataType":"","characterMaximumLength":null,"family":"string","arity":"required","nativeType":null},"default":null,"autoIncrement":false},{"name":"userId","tpe":{"dataType":"","fullDataType":"","characterMaximumLength":null,"family":"string","arity":"nullable","nativeType":null},"default":null,"autoIncrement":false},{"name":"hashedSessionToken","tpe":{"dataType":"","fullDataType":"","characterMaximumLength":null,"family":"string","arity":"nullable","nativeType":null},"default":null,"autoIncrement":false},{"name":"antiCSRFToken","tpe":{"dataType":"","fullDataType":"","characterMaximumLength":null,"family":"string","arity":"nullable","nativeType":null},"default":null,"autoIncrement":false},{"name":"publicData","tpe":{"dataType":"","fullDataType":"","characterMaximumLength":null,"family":"string","arity":"nullable","nativeType":null},"default":null,"autoIncrement":false},{"name":"privateData","tpe":{"dataType":"","fullDataType":"","characterMaximumLength":null,"family":"string","arity":"nullable","nativeType":null},"default":null,"autoIncrement":false}],"indices":[{"name":"Session.handle_unique","columns":["handle"],"tpe":"unique"}],"primaryKey":{"columns":["id"],"sequence":null,"constraintName":null},"foreignKeys":[{"constraintName":null,"columns":["userId"],"referencedTable":"User","referencedColumns":["id"],"onDeleteAction":"setNull","onUpdateAction":"cascade"}]},{"name":"Message","columns":[{"name":"id","tpe":{"dataType":"","fullDataType":"","characterMaximumLength":null,"family":"string","arity":"required","nativeType":null},"default":null,"autoIncrement":false},{"name":"createdAt","tpe":{"dataType":"","fullDataType":"","characterMaximumLength":null,"family":"dateTime","arity":"required","nativeType":null},"default":"NOW","autoIncrement":false},{"name":"updatedAt","tpe":{"dataType":"","fullDataType":"","characterMaximumLength":null,"family":"dateTime","arity":"required","nativeType":null},"default":null,"autoIncrement":false},{"name":"title","tpe":{"dataType":"","fullDataType":"","characterMaximumLength":null,"family":"string","arity":"required","nativeType":null},"default":null,"autoIncrement":false},{"name":"body","tpe":{"dataType":"","fullDataType":"","characterMaximumLength":null,"family":"string","arity":"required","nativeType":null},"default":null,"autoIncrement":false},{"name":"userId","tpe":{"dataType":"","fullDataType":"","characterMaximumLength":null,"family":"string","arity":"required","nativeType":null},"default":null,"autoIncrement":false},{"name":"slackChannelId","tpe":{"dataType":"","fullDataType":"","characterMaximumLength":null,"family":"string","arity":"required","nativeType":null},"default":null,"autoIncrement":false}],"indices":[],"primaryKey":{"columns":["id"],"sequence":null,"constraintName":null},"foreignKeys":[{"constraintName":null,"columns":["userId"],"referencedTable":"User","referencedColumns":["id"],"onDeleteAction":"cascade","onUpdateAction":"cascade"}]}],"enums":[],"sequences":[]},"steps":[{"AlterTable":{}}]}	[]	2021-01-18 14:30:47.378	2021-01-18 14:30:48.806
6	20210102225156-add-reactions	datasource db {\n  provider = "postgresql"\n  url      = "***"\n}\n\nmodel User {\n  id             String     @id @default(uuid())\n  createdAt      DateTime   @default(now())\n  updatedAt      DateTime   @updatedAt\n  name           String?\n  email          String     @unique\n  hashedPassword String?\n  role           String     @default("user")\n  sessions       Session[]\n  messages       Message[]\n  reactions      Reaction[]\n}\n\nmodel Session {\n  id                 String    @id @default(uuid())\n  createdAt          DateTime  @default(now())\n  updatedAt          DateTime  @updatedAt\n  expiresAt          DateTime?\n  handle             String    @unique\n  user               User?     @relation(fields: [userId], references: [id])\n  userId             String?\n  hashedSessionToken String?\n  antiCSRFToken      String?\n  publicData         String?\n  privateData        String?\n}\n\nmodel Message {\n  id             String     @id @default(uuid())\n  createdAt      DateTime   @default(now())\n  updatedAt      DateTime   @updatedAt\n  title          String\n  body           String\n  user           User?      @relation(fields: [userId], references: [id])\n  userId         String?\n  slackChannelId String\n  reactions      Reaction[]\n}\n\nmodel Reaction {\n  id        String   @id @default(uuid())\n  createdAt DateTime @default(now())\n  updatedAt DateTime @updatedAt\n  emoji     String\n  alt       String\n  user      User?    @relation(fields: [userId], references: [id])\n  userId    String?\n  message   Message? @relation(fields: [messageId], references: [id])\n  messageId String?\n}\n	MigrationSuccess	3	0	[{"tag":"CreateModel","model":"Reaction"},{"tag":"CreateField","model":"Reaction","field":"id","type":"String","arity":"Required"},{"tag":"CreateDirective","location":{"path":{"tag":"Field","model":"Reaction","field":"id"},"directive":"id"}},{"tag":"CreateDirective","location":{"path":{"tag":"Field","model":"Reaction","field":"id"},"directive":"default"}},{"tag":"CreateArgument","location":{"tag":"Directive","path":{"tag":"Field","model":"Reaction","field":"id"},"directive":"default"},"argument":"","value":"uuid()"},{"tag":"CreateField","model":"Reaction","field":"createdAt","type":"DateTime","arity":"Required"},{"tag":"CreateDirective","location":{"path":{"tag":"Field","model":"Reaction","field":"createdAt"},"directive":"default"}},{"tag":"CreateArgument","location":{"tag":"Directive","path":{"tag":"Field","model":"Reaction","field":"createdAt"},"directive":"default"},"argument":"","value":"now()"},{"tag":"CreateField","model":"Reaction","field":"updatedAt","type":"DateTime","arity":"Required"},{"tag":"CreateDirective","location":{"path":{"tag":"Field","model":"Reaction","field":"updatedAt"},"directive":"updatedAt"}},{"tag":"CreateField","model":"Reaction","field":"emoji","type":"String","arity":"Required"},{"tag":"CreateField","model":"Reaction","field":"alt","type":"String","arity":"Required"},{"tag":"CreateField","model":"Reaction","field":"user","type":"User","arity":"Optional"},{"tag":"CreateDirective","location":{"path":{"tag":"Field","model":"Reaction","field":"user"},"directive":"relation"}},{"tag":"CreateArgument","location":{"tag":"Directive","path":{"tag":"Field","model":"Reaction","field":"user"},"directive":"relation"},"argument":"fields","value":"[userId]"},{"tag":"CreateArgument","location":{"tag":"Directive","path":{"tag":"Field","model":"Reaction","field":"user"},"directive":"relation"},"argument":"references","value":"[id]"},{"tag":"CreateField","model":"Reaction","field":"userId","type":"String","arity":"Optional"},{"tag":"CreateField","model":"Reaction","field":"message","type":"Message","arity":"Optional"},{"tag":"CreateDirective","location":{"path":{"tag":"Field","model":"Reaction","field":"message"},"directive":"relation"}},{"tag":"CreateArgument","location":{"tag":"Directive","path":{"tag":"Field","model":"Reaction","field":"message"},"directive":"relation"},"argument":"fields","value":"[messageId]"},{"tag":"CreateArgument","location":{"tag":"Directive","path":{"tag":"Field","model":"Reaction","field":"message"},"directive":"relation"},"argument":"references","value":"[id]"},{"tag":"CreateField","model":"Reaction","field":"messageId","type":"String","arity":"Optional"},{"tag":"CreateField","model":"User","field":"reactions","type":"Reaction","arity":"List"},{"tag":"CreateField","model":"Message","field":"reactions","type":"Reaction","arity":"List"}]	{"before":{"tables":[{"name":"Message","columns":[{"name":"id","tpe":{"dataType":"text","fullDataType":"text","characterMaximumLength":null,"family":"string","arity":"required","nativeType":"Text"},"default":null,"autoIncrement":false},{"name":"createdAt","tpe":{"dataType":"timestamp without time zone","fullDataType":"timestamp","characterMaximumLength":null,"family":"dateTime","arity":"required","nativeType":{"Timestamp":3}},"default":"NOW","autoIncrement":false},{"name":"updatedAt","tpe":{"dataType":"timestamp without time zone","fullDataType":"timestamp","characterMaximumLength":null,"family":"dateTime","arity":"required","nativeType":{"Timestamp":3}},"default":null,"autoIncrement":false},{"name":"title","tpe":{"dataType":"text","fullDataType":"text","characterMaximumLength":null,"family":"string","arity":"required","nativeType":"Text"},"default":null,"autoIncrement":false},{"name":"body","tpe":{"dataType":"text","fullDataType":"text","characterMaximumLength":null,"family":"string","arity":"required","nativeType":"Text"},"default":null,"autoIncrement":false},{"name":"userId","tpe":{"dataType":"text","fullDataType":"text","characterMaximumLength":null,"family":"string","arity":"nullable","nativeType":"Text"},"default":null,"autoIncrement":false},{"name":"slackChannelId","tpe":{"dataType":"text","fullDataType":"text","characterMaximumLength":null,"family":"string","arity":"required","nativeType":"Text"},"default":null,"autoIncrement":false}],"indices":[],"primaryKey":{"columns":["id"],"sequence":null,"constraintName":"Message_pkey"},"foreignKeys":[{"constraintName":"Message_userId_fkey","columns":["userId"],"referencedTable":"User","referencedColumns":["id"],"onDeleteAction":"cascade","onUpdateAction":"cascade"}]},{"name":"_Migration","columns":[{"name":"revision","tpe":{"dataType":"integer","fullDataType":"int4","characterMaximumLength":null,"family":"int","arity":"required","nativeType":"Integer"},"default":{"SEQUENCE":"nextval('\\"_Migration_revision_seq\\"'::regclass)"},"autoIncrement":true},{"name":"name","tpe":{"dataType":"text","fullDataType":"text","characterMaximumLength":null,"family":"string","arity":"required","nativeType":"Text"},"default":null,"autoIncrement":false},{"name":"datamodel","tpe":{"dataType":"text","fullDataType":"text","characterMaximumLength":null,"family":"string","arity":"required","nativeType":"Text"},"default":null,"autoIncrement":false},{"name":"status","tpe":{"dataType":"text","fullDataType":"text","characterMaximumLength":null,"family":"string","arity":"required","nativeType":"Text"},"default":null,"autoIncrement":false},{"name":"applied","tpe":{"dataType":"integer","fullDataType":"int4","characterMaximumLength":null,"family":"int","arity":"required","nativeType":"Integer"},"default":null,"autoIncrement":false},{"name":"rolled_back","tpe":{"dataType":"integer","fullDataType":"int4","characterMaximumLength":null,"family":"int","arity":"required","nativeType":"Integer"},"default":null,"autoIncrement":false},{"name":"datamodel_steps","tpe":{"dataType":"text","fullDataType":"text","characterMaximumLength":null,"family":"string","arity":"required","nativeType":"Text"},"default":null,"autoIncrement":false},{"name":"database_migration","tpe":{"dataType":"text","fullDataType":"text","characterMaximumLength":null,"family":"string","arity":"required","nativeType":"Text"},"default":null,"autoIncrement":false},{"name":"errors","tpe":{"dataType":"text","fullDataType":"text","characterMaximumLength":null,"family":"string","arity":"required","nativeType":"Text"},"default":null,"autoIncrement":false},{"name":"started_at","tpe":{"dataType":"timestamp without time zone","fullDataType":"timestamp","characterMaximumLength":null,"family":"dateTime","arity":"required","nativeType":{"Timestamp":3}},"default":null,"autoIncrement":false},{"name":"finished_at","tpe":{"dataType":"timestamp without time zone","fullDataType":"timestamp","characterMaximumLength":null,"family":"dateTime","arity":"nullable","nativeType":{"Timestamp":3}},"default":null,"autoIncrement":false}],"indices":[],"primaryKey":{"columns":["revision"],"sequence":{"name":"_Migration_revision_seq","initialValue":1,"allocationSize":1},"constraintName":"_Migration_pkey"},"foreignKeys":[]},{"name":"Session","columns":[{"name":"id","tpe":{"dataType":"text","fullDataType":"text","characterMaximumLength":null,"family":"string","arity":"required","nativeType":"Text"},"default":null,"autoIncrement":false},{"name":"createdAt","tpe":{"dataType":"timestamp without time zone","fullDataType":"timestamp","characterMaximumLength":null,"family":"dateTime","arity":"required","nativeType":{"Timestamp":3}},"default":"NOW","autoIncrement":false},{"name":"updatedAt","tpe":{"dataType":"timestamp without time zone","fullDataType":"timestamp","characterMaximumLength":null,"family":"dateTime","arity":"required","nativeType":{"Timestamp":3}},"default":null,"autoIncrement":false},{"name":"expiresAt","tpe":{"dataType":"timestamp without time zone","fullDataType":"timestamp","characterMaximumLength":null,"family":"dateTime","arity":"nullable","nativeType":{"Timestamp":3}},"default":null,"autoIncrement":false},{"name":"handle","tpe":{"dataType":"text","fullDataType":"text","characterMaximumLength":null,"family":"string","arity":"required","nativeType":"Text"},"default":null,"autoIncrement":false},{"name":"userId","tpe":{"dataType":"text","fullDataType":"text","characterMaximumLength":null,"family":"string","arity":"nullable","nativeType":"Text"},"default":null,"autoIncrement":false},{"name":"hashedSessionToken","tpe":{"dataType":"text","fullDataType":"text","characterMaximumLength":null,"family":"string","arity":"nullable","nativeType":"Text"},"default":null,"autoIncrement":false},{"name":"antiCSRFToken","tpe":{"dataType":"text","fullDataType":"text","characterMaximumLength":null,"family":"string","arity":"nullable","nativeType":"Text"},"default":null,"autoIncrement":false},{"name":"publicData","tpe":{"dataType":"text","fullDataType":"text","characterMaximumLength":null,"family":"string","arity":"nullable","nativeType":"Text"},"default":null,"autoIncrement":false},{"name":"privateData","tpe":{"dataType":"text","fullDataType":"text","characterMaximumLength":null,"family":"string","arity":"nullable","nativeType":"Text"},"default":null,"autoIncrement":false}],"indices":[{"name":"Session.handle_unique","columns":["handle"],"tpe":"unique"}],"primaryKey":{"columns":["id"],"sequence":null,"constraintName":"Session_pkey"},"foreignKeys":[{"constraintName":"Session_userId_fkey","columns":["userId"],"referencedTable":"User","referencedColumns":["id"],"onDeleteAction":"setNull","onUpdateAction":"cascade"}]},{"name":"User","columns":[{"name":"id","tpe":{"dataType":"text","fullDataType":"text","characterMaximumLength":null,"family":"string","arity":"required","nativeType":"Text"},"default":null,"autoIncrement":false},{"name":"createdAt","tpe":{"dataType":"timestamp without time zone","fullDataType":"timestamp","characterMaximumLength":null,"family":"dateTime","arity":"required","nativeType":{"Timestamp":3}},"default":"NOW","autoIncrement":false},{"name":"updatedAt","tpe":{"dataType":"timestamp without time zone","fullDataType":"timestamp","characterMaximumLength":null,"family":"dateTime","arity":"required","nativeType":{"Timestamp":3}},"default":null,"autoIncrement":false},{"name":"name","tpe":{"dataType":"text","fullDataType":"text","characterMaximumLength":null,"family":"string","arity":"nullable","nativeType":"Text"},"default":null,"autoIncrement":false},{"name":"email","tpe":{"dataType":"text","fullDataType":"text","characterMaximumLength":null,"family":"string","arity":"required","nativeType":"Text"},"default":null,"autoIncrement":false},{"name":"hashedPassword","tpe":{"dataType":"text","fullDataType":"text","characterMaximumLength":null,"family":"string","arity":"nullable","nativeType":"Text"},"default":null,"autoIncrement":false},{"name":"role","tpe":{"dataType":"text","fullDataType":"text","characterMaximumLength":null,"family":"string","arity":"required","nativeType":"Text"},"default":{"VALUE":"user"},"autoIncrement":false}],"indices":[{"name":"User.email_unique","columns":["email"],"tpe":"unique"}],"primaryKey":{"columns":["id"],"sequence":null,"constraintName":"User_pkey"},"foreignKeys":[]}],"enums":[],"sequences":[{"name":"_Migration_revision_seq","initialValue":1,"allocationSize":1}]},"after":{"tables":[{"name":"User","columns":[{"name":"id","tpe":{"dataType":"","fullDataType":"","characterMaximumLength":null,"family":"string","arity":"required","nativeType":null},"default":null,"autoIncrement":false},{"name":"createdAt","tpe":{"dataType":"","fullDataType":"","characterMaximumLength":null,"family":"dateTime","arity":"required","nativeType":null},"default":"NOW","autoIncrement":false},{"name":"updatedAt","tpe":{"dataType":"","fullDataType":"","characterMaximumLength":null,"family":"dateTime","arity":"required","nativeType":null},"default":null,"autoIncrement":false},{"name":"name","tpe":{"dataType":"","fullDataType":"","characterMaximumLength":null,"family":"string","arity":"nullable","nativeType":null},"default":null,"autoIncrement":false},{"name":"email","tpe":{"dataType":"","fullDataType":"","characterMaximumLength":null,"family":"string","arity":"required","nativeType":null},"default":null,"autoIncrement":false},{"name":"hashedPassword","tpe":{"dataType":"","fullDataType":"","characterMaximumLength":null,"family":"string","arity":"nullable","nativeType":null},"default":null,"autoIncrement":false},{"name":"role","tpe":{"dataType":"","fullDataType":"","characterMaximumLength":null,"family":"string","arity":"required","nativeType":null},"default":{"VALUE":"user"},"autoIncrement":false}],"indices":[{"name":"User.email_unique","columns":["email"],"tpe":"unique"}],"primaryKey":{"columns":["id"],"sequence":null,"constraintName":null},"foreignKeys":[]},{"name":"Session","columns":[{"name":"id","tpe":{"dataType":"","fullDataType":"","characterMaximumLength":null,"family":"string","arity":"required","nativeType":null},"default":null,"autoIncrement":false},{"name":"createdAt","tpe":{"dataType":"","fullDataType":"","characterMaximumLength":null,"family":"dateTime","arity":"required","nativeType":null},"default":"NOW","autoIncrement":false},{"name":"updatedAt","tpe":{"dataType":"","fullDataType":"","characterMaximumLength":null,"family":"dateTime","arity":"required","nativeType":null},"default":null,"autoIncrement":false},{"name":"expiresAt","tpe":{"dataType":"","fullDataType":"","characterMaximumLength":null,"family":"dateTime","arity":"nullable","nativeType":null},"default":null,"autoIncrement":false},{"name":"handle","tpe":{"dataType":"","fullDataType":"","characterMaximumLength":null,"family":"string","arity":"required","nativeType":null},"default":null,"autoIncrement":false},{"name":"userId","tpe":{"dataType":"","fullDataType":"","characterMaximumLength":null,"family":"string","arity":"nullable","nativeType":null},"default":null,"autoIncrement":false},{"name":"hashedSessionToken","tpe":{"dataType":"","fullDataType":"","characterMaximumLength":null,"family":"string","arity":"nullable","nativeType":null},"default":null,"autoIncrement":false},{"name":"antiCSRFToken","tpe":{"dataType":"","fullDataType":"","characterMaximumLength":null,"family":"string","arity":"nullable","nativeType":null},"default":null,"autoIncrement":false},{"name":"publicData","tpe":{"dataType":"","fullDataType":"","characterMaximumLength":null,"family":"string","arity":"nullable","nativeType":null},"default":null,"autoIncrement":false},{"name":"privateData","tpe":{"dataType":"","fullDataType":"","characterMaximumLength":null,"family":"string","arity":"nullable","nativeType":null},"default":null,"autoIncrement":false}],"indices":[{"name":"Session.handle_unique","columns":["handle"],"tpe":"unique"}],"primaryKey":{"columns":["id"],"sequence":null,"constraintName":null},"foreignKeys":[{"constraintName":null,"columns":["userId"],"referencedTable":"User","referencedColumns":["id"],"onDeleteAction":"setNull","onUpdateAction":"cascade"}]},{"name":"Message","columns":[{"name":"id","tpe":{"dataType":"","fullDataType":"","characterMaximumLength":null,"family":"string","arity":"required","nativeType":null},"default":null,"autoIncrement":false},{"name":"createdAt","tpe":{"dataType":"","fullDataType":"","characterMaximumLength":null,"family":"dateTime","arity":"required","nativeType":null},"default":"NOW","autoIncrement":false},{"name":"updatedAt","tpe":{"dataType":"","fullDataType":"","characterMaximumLength":null,"family":"dateTime","arity":"required","nativeType":null},"default":null,"autoIncrement":false},{"name":"title","tpe":{"dataType":"","fullDataType":"","characterMaximumLength":null,"family":"string","arity":"required","nativeType":null},"default":null,"autoIncrement":false},{"name":"body","tpe":{"dataType":"","fullDataType":"","characterMaximumLength":null,"family":"string","arity":"required","nativeType":null},"default":null,"autoIncrement":false},{"name":"userId","tpe":{"dataType":"","fullDataType":"","characterMaximumLength":null,"family":"string","arity":"nullable","nativeType":null},"default":null,"autoIncrement":false},{"name":"slackChannelId","tpe":{"dataType":"","fullDataType":"","characterMaximumLength":null,"family":"string","arity":"required","nativeType":null},"default":null,"autoIncrement":false}],"indices":[],"primaryKey":{"columns":["id"],"sequence":null,"constraintName":null},"foreignKeys":[{"constraintName":null,"columns":["userId"],"referencedTable":"User","referencedColumns":["id"],"onDeleteAction":"setNull","onUpdateAction":"cascade"}]},{"name":"Reaction","columns":[{"name":"id","tpe":{"dataType":"","fullDataType":"","characterMaximumLength":null,"family":"string","arity":"required","nativeType":null},"default":null,"autoIncrement":false},{"name":"createdAt","tpe":{"dataType":"","fullDataType":"","characterMaximumLength":null,"family":"dateTime","arity":"required","nativeType":null},"default":"NOW","autoIncrement":false},{"name":"updatedAt","tpe":{"dataType":"","fullDataType":"","characterMaximumLength":null,"family":"dateTime","arity":"required","nativeType":null},"default":null,"autoIncrement":false},{"name":"emoji","tpe":{"dataType":"","fullDataType":"","characterMaximumLength":null,"family":"string","arity":"required","nativeType":null},"default":null,"autoIncrement":false},{"name":"alt","tpe":{"dataType":"","fullDataType":"","characterMaximumLength":null,"family":"string","arity":"required","nativeType":null},"default":null,"autoIncrement":false},{"name":"userId","tpe":{"dataType":"","fullDataType":"","characterMaximumLength":null,"family":"string","arity":"nullable","nativeType":null},"default":null,"autoIncrement":false},{"name":"messageId","tpe":{"dataType":"","fullDataType":"","characterMaximumLength":null,"family":"string","arity":"nullable","nativeType":null},"default":null,"autoIncrement":false}],"indices":[],"primaryKey":{"columns":["id"],"sequence":null,"constraintName":null},"foreignKeys":[{"constraintName":null,"columns":["userId"],"referencedTable":"User","referencedColumns":["id"],"onDeleteAction":"setNull","onUpdateAction":"cascade"},{"constraintName":null,"columns":["messageId"],"referencedTable":"Message","referencedColumns":["id"],"onDeleteAction":"setNull","onUpdateAction":"cascade"}]}],"enums":[],"sequences":[]},"steps":[{"CreateTable":{}},{"AddForeignKey":{}},{"AddForeignKey":{}}]}	[]	2021-01-18 14:30:57.839	2021-01-18 14:30:59.911
5	20210101233226-make-user-optional-on-message	datasource db {\n  provider = "postgresql"\n  url      = "***"\n}\n\nmodel User {\n  id             String    @id @default(uuid())\n  createdAt      DateTime  @default(now())\n  updatedAt      DateTime  @updatedAt\n  name           String?\n  email          String    @unique\n  hashedPassword String?\n  role           String    @default("user")\n  sessions       Session[]\n  messages       Message[]\n}\n\nmodel Session {\n  id                 String    @id @default(uuid())\n  createdAt          DateTime  @default(now())\n  updatedAt          DateTime  @updatedAt\n  expiresAt          DateTime?\n  handle             String    @unique\n  user               User?     @relation(fields: [userId], references: [id])\n  userId             String?\n  hashedSessionToken String?\n  antiCSRFToken      String?\n  publicData         String?\n  privateData        String?\n}\n\nmodel Message {\n  id             String   @id @default(uuid())\n  createdAt      DateTime @default(now())\n  updatedAt      DateTime @updatedAt\n  title          String\n  body           String\n  user           User?    @relation(fields: [userId], references: [id])\n  userId         String?\n  slackChannelId String\n}\n	MigrationSuccess	1	0	[{"tag":"UpdateField","model":"Message","field":"user","arity":"Optional"},{"tag":"UpdateField","model":"Message","field":"userId","arity":"Optional"}]	{"before":{"tables":[{"name":"Message","columns":[{"name":"id","tpe":{"dataType":"text","fullDataType":"text","characterMaximumLength":null,"family":"string","arity":"required","nativeType":"Text"},"default":null,"autoIncrement":false},{"name":"createdAt","tpe":{"dataType":"timestamp without time zone","fullDataType":"timestamp","characterMaximumLength":null,"family":"dateTime","arity":"required","nativeType":{"Timestamp":3}},"default":"NOW","autoIncrement":false},{"name":"updatedAt","tpe":{"dataType":"timestamp without time zone","fullDataType":"timestamp","characterMaximumLength":null,"family":"dateTime","arity":"required","nativeType":{"Timestamp":3}},"default":null,"autoIncrement":false},{"name":"title","tpe":{"dataType":"text","fullDataType":"text","characterMaximumLength":null,"family":"string","arity":"required","nativeType":"Text"},"default":null,"autoIncrement":false},{"name":"body","tpe":{"dataType":"text","fullDataType":"text","characterMaximumLength":null,"family":"string","arity":"required","nativeType":"Text"},"default":null,"autoIncrement":false},{"name":"userId","tpe":{"dataType":"text","fullDataType":"text","characterMaximumLength":null,"family":"string","arity":"required","nativeType":"Text"},"default":null,"autoIncrement":false},{"name":"slackChannelId","tpe":{"dataType":"text","fullDataType":"text","characterMaximumLength":null,"family":"string","arity":"required","nativeType":"Text"},"default":null,"autoIncrement":false}],"indices":[],"primaryKey":{"columns":["id"],"sequence":null,"constraintName":"Message_pkey"},"foreignKeys":[{"constraintName":"Message_userId_fkey","columns":["userId"],"referencedTable":"User","referencedColumns":["id"],"onDeleteAction":"cascade","onUpdateAction":"cascade"}]},{"name":"_Migration","columns":[{"name":"revision","tpe":{"dataType":"integer","fullDataType":"int4","characterMaximumLength":null,"family":"int","arity":"required","nativeType":"Integer"},"default":{"SEQUENCE":"nextval('\\"_Migration_revision_seq\\"'::regclass)"},"autoIncrement":true},{"name":"name","tpe":{"dataType":"text","fullDataType":"text","characterMaximumLength":null,"family":"string","arity":"required","nativeType":"Text"},"default":null,"autoIncrement":false},{"name":"datamodel","tpe":{"dataType":"text","fullDataType":"text","characterMaximumLength":null,"family":"string","arity":"required","nativeType":"Text"},"default":null,"autoIncrement":false},{"name":"status","tpe":{"dataType":"text","fullDataType":"text","characterMaximumLength":null,"family":"string","arity":"required","nativeType":"Text"},"default":null,"autoIncrement":false},{"name":"applied","tpe":{"dataType":"integer","fullDataType":"int4","characterMaximumLength":null,"family":"int","arity":"required","nativeType":"Integer"},"default":null,"autoIncrement":false},{"name":"rolled_back","tpe":{"dataType":"integer","fullDataType":"int4","characterMaximumLength":null,"family":"int","arity":"required","nativeType":"Integer"},"default":null,"autoIncrement":false},{"name":"datamodel_steps","tpe":{"dataType":"text","fullDataType":"text","characterMaximumLength":null,"family":"string","arity":"required","nativeType":"Text"},"default":null,"autoIncrement":false},{"name":"database_migration","tpe":{"dataType":"text","fullDataType":"text","characterMaximumLength":null,"family":"string","arity":"required","nativeType":"Text"},"default":null,"autoIncrement":false},{"name":"errors","tpe":{"dataType":"text","fullDataType":"text","characterMaximumLength":null,"family":"string","arity":"required","nativeType":"Text"},"default":null,"autoIncrement":false},{"name":"started_at","tpe":{"dataType":"timestamp without time zone","fullDataType":"timestamp","characterMaximumLength":null,"family":"dateTime","arity":"required","nativeType":{"Timestamp":3}},"default":null,"autoIncrement":false},{"name":"finished_at","tpe":{"dataType":"timestamp without time zone","fullDataType":"timestamp","characterMaximumLength":null,"family":"dateTime","arity":"nullable","nativeType":{"Timestamp":3}},"default":null,"autoIncrement":false}],"indices":[],"primaryKey":{"columns":["revision"],"sequence":{"name":"_Migration_revision_seq","initialValue":1,"allocationSize":1},"constraintName":"_Migration_pkey"},"foreignKeys":[]},{"name":"Session","columns":[{"name":"id","tpe":{"dataType":"text","fullDataType":"text","characterMaximumLength":null,"family":"string","arity":"required","nativeType":"Text"},"default":null,"autoIncrement":false},{"name":"createdAt","tpe":{"dataType":"timestamp without time zone","fullDataType":"timestamp","characterMaximumLength":null,"family":"dateTime","arity":"required","nativeType":{"Timestamp":3}},"default":"NOW","autoIncrement":false},{"name":"updatedAt","tpe":{"dataType":"timestamp without time zone","fullDataType":"timestamp","characterMaximumLength":null,"family":"dateTime","arity":"required","nativeType":{"Timestamp":3}},"default":null,"autoIncrement":false},{"name":"expiresAt","tpe":{"dataType":"timestamp without time zone","fullDataType":"timestamp","characterMaximumLength":null,"family":"dateTime","arity":"nullable","nativeType":{"Timestamp":3}},"default":null,"autoIncrement":false},{"name":"handle","tpe":{"dataType":"text","fullDataType":"text","characterMaximumLength":null,"family":"string","arity":"required","nativeType":"Text"},"default":null,"autoIncrement":false},{"name":"userId","tpe":{"dataType":"text","fullDataType":"text","characterMaximumLength":null,"family":"string","arity":"nullable","nativeType":"Text"},"default":null,"autoIncrement":false},{"name":"hashedSessionToken","tpe":{"dataType":"text","fullDataType":"text","characterMaximumLength":null,"family":"string","arity":"nullable","nativeType":"Text"},"default":null,"autoIncrement":false},{"name":"antiCSRFToken","tpe":{"dataType":"text","fullDataType":"text","characterMaximumLength":null,"family":"string","arity":"nullable","nativeType":"Text"},"default":null,"autoIncrement":false},{"name":"publicData","tpe":{"dataType":"text","fullDataType":"text","characterMaximumLength":null,"family":"string","arity":"nullable","nativeType":"Text"},"default":null,"autoIncrement":false},{"name":"privateData","tpe":{"dataType":"text","fullDataType":"text","characterMaximumLength":null,"family":"string","arity":"nullable","nativeType":"Text"},"default":null,"autoIncrement":false}],"indices":[{"name":"Session.handle_unique","columns":["handle"],"tpe":"unique"}],"primaryKey":{"columns":["id"],"sequence":null,"constraintName":"Session_pkey"},"foreignKeys":[{"constraintName":"Session_userId_fkey","columns":["userId"],"referencedTable":"User","referencedColumns":["id"],"onDeleteAction":"setNull","onUpdateAction":"cascade"}]},{"name":"User","columns":[{"name":"id","tpe":{"dataType":"text","fullDataType":"text","characterMaximumLength":null,"family":"string","arity":"required","nativeType":"Text"},"default":null,"autoIncrement":false},{"name":"createdAt","tpe":{"dataType":"timestamp without time zone","fullDataType":"timestamp","characterMaximumLength":null,"family":"dateTime","arity":"required","nativeType":{"Timestamp":3}},"default":"NOW","autoIncrement":false},{"name":"updatedAt","tpe":{"dataType":"timestamp without time zone","fullDataType":"timestamp","characterMaximumLength":null,"family":"dateTime","arity":"required","nativeType":{"Timestamp":3}},"default":null,"autoIncrement":false},{"name":"name","tpe":{"dataType":"text","fullDataType":"text","characterMaximumLength":null,"family":"string","arity":"nullable","nativeType":"Text"},"default":null,"autoIncrement":false},{"name":"email","tpe":{"dataType":"text","fullDataType":"text","characterMaximumLength":null,"family":"string","arity":"required","nativeType":"Text"},"default":null,"autoIncrement":false},{"name":"hashedPassword","tpe":{"dataType":"text","fullDataType":"text","characterMaximumLength":null,"family":"string","arity":"nullable","nativeType":"Text"},"default":null,"autoIncrement":false},{"name":"role","tpe":{"dataType":"text","fullDataType":"text","characterMaximumLength":null,"family":"string","arity":"required","nativeType":"Text"},"default":{"VALUE":"user"},"autoIncrement":false}],"indices":[{"name":"User.email_unique","columns":["email"],"tpe":"unique"}],"primaryKey":{"columns":["id"],"sequence":null,"constraintName":"User_pkey"},"foreignKeys":[]}],"enums":[],"sequences":[{"name":"_Migration_revision_seq","initialValue":1,"allocationSize":1}]},"after":{"tables":[{"name":"User","columns":[{"name":"id","tpe":{"dataType":"","fullDataType":"","characterMaximumLength":null,"family":"string","arity":"required","nativeType":null},"default":null,"autoIncrement":false},{"name":"createdAt","tpe":{"dataType":"","fullDataType":"","characterMaximumLength":null,"family":"dateTime","arity":"required","nativeType":null},"default":"NOW","autoIncrement":false},{"name":"updatedAt","tpe":{"dataType":"","fullDataType":"","characterMaximumLength":null,"family":"dateTime","arity":"required","nativeType":null},"default":null,"autoIncrement":false},{"name":"name","tpe":{"dataType":"","fullDataType":"","characterMaximumLength":null,"family":"string","arity":"nullable","nativeType":null},"default":null,"autoIncrement":false},{"name":"email","tpe":{"dataType":"","fullDataType":"","characterMaximumLength":null,"family":"string","arity":"required","nativeType":null},"default":null,"autoIncrement":false},{"name":"hashedPassword","tpe":{"dataType":"","fullDataType":"","characterMaximumLength":null,"family":"string","arity":"nullable","nativeType":null},"default":null,"autoIncrement":false},{"name":"role","tpe":{"dataType":"","fullDataType":"","characterMaximumLength":null,"family":"string","arity":"required","nativeType":null},"default":{"VALUE":"user"},"autoIncrement":false}],"indices":[{"name":"User.email_unique","columns":["email"],"tpe":"unique"}],"primaryKey":{"columns":["id"],"sequence":null,"constraintName":null},"foreignKeys":[]},{"name":"Session","columns":[{"name":"id","tpe":{"dataType":"","fullDataType":"","characterMaximumLength":null,"family":"string","arity":"required","nativeType":null},"default":null,"autoIncrement":false},{"name":"createdAt","tpe":{"dataType":"","fullDataType":"","characterMaximumLength":null,"family":"dateTime","arity":"required","nativeType":null},"default":"NOW","autoIncrement":false},{"name":"updatedAt","tpe":{"dataType":"","fullDataType":"","characterMaximumLength":null,"family":"dateTime","arity":"required","nativeType":null},"default":null,"autoIncrement":false},{"name":"expiresAt","tpe":{"dataType":"","fullDataType":"","characterMaximumLength":null,"family":"dateTime","arity":"nullable","nativeType":null},"default":null,"autoIncrement":false},{"name":"handle","tpe":{"dataType":"","fullDataType":"","characterMaximumLength":null,"family":"string","arity":"required","nativeType":null},"default":null,"autoIncrement":false},{"name":"userId","tpe":{"dataType":"","fullDataType":"","characterMaximumLength":null,"family":"string","arity":"nullable","nativeType":null},"default":null,"autoIncrement":false},{"name":"hashedSessionToken","tpe":{"dataType":"","fullDataType":"","characterMaximumLength":null,"family":"string","arity":"nullable","nativeType":null},"default":null,"autoIncrement":false},{"name":"antiCSRFToken","tpe":{"dataType":"","fullDataType":"","characterMaximumLength":null,"family":"string","arity":"nullable","nativeType":null},"default":null,"autoIncrement":false},{"name":"publicData","tpe":{"dataType":"","fullDataType":"","characterMaximumLength":null,"family":"string","arity":"nullable","nativeType":null},"default":null,"autoIncrement":false},{"name":"privateData","tpe":{"dataType":"","fullDataType":"","characterMaximumLength":null,"family":"string","arity":"nullable","nativeType":null},"default":null,"autoIncrement":false}],"indices":[{"name":"Session.handle_unique","columns":["handle"],"tpe":"unique"}],"primaryKey":{"columns":["id"],"sequence":null,"constraintName":null},"foreignKeys":[{"constraintName":null,"columns":["userId"],"referencedTable":"User","referencedColumns":["id"],"onDeleteAction":"setNull","onUpdateAction":"cascade"}]},{"name":"Message","columns":[{"name":"id","tpe":{"dataType":"","fullDataType":"","characterMaximumLength":null,"family":"string","arity":"required","nativeType":null},"default":null,"autoIncrement":false},{"name":"createdAt","tpe":{"dataType":"","fullDataType":"","characterMaximumLength":null,"family":"dateTime","arity":"required","nativeType":null},"default":"NOW","autoIncrement":false},{"name":"updatedAt","tpe":{"dataType":"","fullDataType":"","characterMaximumLength":null,"family":"dateTime","arity":"required","nativeType":null},"default":null,"autoIncrement":false},{"name":"title","tpe":{"dataType":"","fullDataType":"","characterMaximumLength":null,"family":"string","arity":"required","nativeType":null},"default":null,"autoIncrement":false},{"name":"body","tpe":{"dataType":"","fullDataType":"","characterMaximumLength":null,"family":"string","arity":"required","nativeType":null},"default":null,"autoIncrement":false},{"name":"userId","tpe":{"dataType":"","fullDataType":"","characterMaximumLength":null,"family":"string","arity":"nullable","nativeType":null},"default":null,"autoIncrement":false},{"name":"slackChannelId","tpe":{"dataType":"","fullDataType":"","characterMaximumLength":null,"family":"string","arity":"required","nativeType":null},"default":null,"autoIncrement":false}],"indices":[],"primaryKey":{"columns":["id"],"sequence":null,"constraintName":null},"foreignKeys":[{"constraintName":null,"columns":["userId"],"referencedTable":"User","referencedColumns":["id"],"onDeleteAction":"setNull","onUpdateAction":"cascade"}]}],"enums":[],"sequences":[]},"steps":[{"AlterTable":{}}]}	[]	2021-01-18 14:30:52.685	2021-01-18 14:30:53.801
10	20210118133622-add-installation-info-to-user	datasource db {\n  provider = "postgresql"\n  url      = "***"\n}\n\nmodel User {\n  id               String     @id @default(uuid())\n  createdAt        DateTime   @default(now())\n  updatedAt        DateTime   @updatedAt\n  name             String?\n  email            String     @unique\n  role             String     @default("user")\n  sessions         Session[]\n  messages         Message[]\n  reactions        Reaction[]\n  slackUserId      String\n  slackAccessToken String     @default("")\n  isInstalled      Boolean    @default(false)\n}\n\nmodel Session {\n  id                 String    @id @default(uuid())\n  createdAt          DateTime  @default(now())\n  updatedAt          DateTime  @updatedAt\n  expiresAt          DateTime?\n  handle             String    @unique\n  user               User?     @relation(fields: [userId], references: [id])\n  userId             String?\n  hashedSessionToken String?\n  antiCSRFToken      String?\n  publicData         String?\n  privateData        String?\n}\n\nmodel Message {\n  id             String     @id @default(uuid())\n  createdAt      DateTime   @default(now())\n  updatedAt      DateTime   @updatedAt\n  title          String\n  body           String\n  user           User?      @relation(fields: [userId], references: [id])\n  userId         String?\n  slackChannelId String\n  reactions      Reaction[]\n  slackTimeStamp String?\n}\n\nmodel Reaction {\n  id        String   @id @default(uuid())\n  createdAt DateTime @default(now())\n  updatedAt DateTime @updatedAt\n  emoji     String\n  alt       String\n  user      User?    @relation(fields: [userId], references: [id])\n  userId    String?\n  message   Message? @relation(fields: [messageId], references: [id])\n  messageId String?\n}\n	MigrationSuccess	1	0	[{"tag":"CreateField","model":"User","field":"isInstalled","type":"Boolean","arity":"Required"},{"tag":"CreateDirective","location":{"path":{"tag":"Field","model":"User","field":"isInstalled"},"directive":"default"}},{"tag":"CreateArgument","location":{"tag":"Directive","path":{"tag":"Field","model":"User","field":"isInstalled"},"directive":"default"},"argument":"","value":"false"}]	{"before":{"tables":[{"name":"Message","columns":[{"name":"id","tpe":{"dataType":"text","fullDataType":"text","characterMaximumLength":null,"family":"string","arity":"required","nativeType":"Text"},"default":null,"autoIncrement":false},{"name":"createdAt","tpe":{"dataType":"timestamp without time zone","fullDataType":"timestamp","characterMaximumLength":null,"family":"dateTime","arity":"required","nativeType":{"Timestamp":3}},"default":"NOW","autoIncrement":false},{"name":"updatedAt","tpe":{"dataType":"timestamp without time zone","fullDataType":"timestamp","characterMaximumLength":null,"family":"dateTime","arity":"required","nativeType":{"Timestamp":3}},"default":null,"autoIncrement":false},{"name":"title","tpe":{"dataType":"text","fullDataType":"text","characterMaximumLength":null,"family":"string","arity":"required","nativeType":"Text"},"default":null,"autoIncrement":false},{"name":"body","tpe":{"dataType":"text","fullDataType":"text","characterMaximumLength":null,"family":"string","arity":"required","nativeType":"Text"},"default":null,"autoIncrement":false},{"name":"userId","tpe":{"dataType":"text","fullDataType":"text","characterMaximumLength":null,"family":"string","arity":"nullable","nativeType":"Text"},"default":null,"autoIncrement":false},{"name":"slackChannelId","tpe":{"dataType":"text","fullDataType":"text","characterMaximumLength":null,"family":"string","arity":"required","nativeType":"Text"},"default":null,"autoIncrement":false},{"name":"slackTimeStamp","tpe":{"dataType":"text","fullDataType":"text","characterMaximumLength":null,"family":"string","arity":"nullable","nativeType":"Text"},"default":null,"autoIncrement":false}],"indices":[],"primaryKey":{"columns":["id"],"sequence":null,"constraintName":"Message_pkey"},"foreignKeys":[{"constraintName":"Message_userId_fkey","columns":["userId"],"referencedTable":"User","referencedColumns":["id"],"onDeleteAction":"cascade","onUpdateAction":"cascade"}]},{"name":"_Migration","columns":[{"name":"revision","tpe":{"dataType":"integer","fullDataType":"int4","characterMaximumLength":null,"family":"int","arity":"required","nativeType":"Integer"},"default":{"SEQUENCE":"nextval('\\"_Migration_revision_seq\\"'::regclass)"},"autoIncrement":true},{"name":"name","tpe":{"dataType":"text","fullDataType":"text","characterMaximumLength":null,"family":"string","arity":"required","nativeType":"Text"},"default":null,"autoIncrement":false},{"name":"datamodel","tpe":{"dataType":"text","fullDataType":"text","characterMaximumLength":null,"family":"string","arity":"required","nativeType":"Text"},"default":null,"autoIncrement":false},{"name":"status","tpe":{"dataType":"text","fullDataType":"text","characterMaximumLength":null,"family":"string","arity":"required","nativeType":"Text"},"default":null,"autoIncrement":false},{"name":"applied","tpe":{"dataType":"integer","fullDataType":"int4","characterMaximumLength":null,"family":"int","arity":"required","nativeType":"Integer"},"default":null,"autoIncrement":false},{"name":"rolled_back","tpe":{"dataType":"integer","fullDataType":"int4","characterMaximumLength":null,"family":"int","arity":"required","nativeType":"Integer"},"default":null,"autoIncrement":false},{"name":"datamodel_steps","tpe":{"dataType":"text","fullDataType":"text","characterMaximumLength":null,"family":"string","arity":"required","nativeType":"Text"},"default":null,"autoIncrement":false},{"name":"database_migration","tpe":{"dataType":"text","fullDataType":"text","characterMaximumLength":null,"family":"string","arity":"required","nativeType":"Text"},"default":null,"autoIncrement":false},{"name":"errors","tpe":{"dataType":"text","fullDataType":"text","characterMaximumLength":null,"family":"string","arity":"required","nativeType":"Text"},"default":null,"autoIncrement":false},{"name":"started_at","tpe":{"dataType":"timestamp without time zone","fullDataType":"timestamp","characterMaximumLength":null,"family":"dateTime","arity":"required","nativeType":{"Timestamp":3}},"default":null,"autoIncrement":false},{"name":"finished_at","tpe":{"dataType":"timestamp without time zone","fullDataType":"timestamp","characterMaximumLength":null,"family":"dateTime","arity":"nullable","nativeType":{"Timestamp":3}},"default":null,"autoIncrement":false}],"indices":[],"primaryKey":{"columns":["revision"],"sequence":{"name":"_Migration_revision_seq","initialValue":1,"allocationSize":1},"constraintName":"_Migration_pkey"},"foreignKeys":[]},{"name":"Reaction","columns":[{"name":"id","tpe":{"dataType":"text","fullDataType":"text","characterMaximumLength":null,"family":"string","arity":"required","nativeType":"Text"},"default":null,"autoIncrement":false},{"name":"createdAt","tpe":{"dataType":"timestamp without time zone","fullDataType":"timestamp","characterMaximumLength":null,"family":"dateTime","arity":"required","nativeType":{"Timestamp":3}},"default":"NOW","autoIncrement":false},{"name":"updatedAt","tpe":{"dataType":"timestamp without time zone","fullDataType":"timestamp","characterMaximumLength":null,"family":"dateTime","arity":"required","nativeType":{"Timestamp":3}},"default":null,"autoIncrement":false},{"name":"emoji","tpe":{"dataType":"text","fullDataType":"text","characterMaximumLength":null,"family":"string","arity":"required","nativeType":"Text"},"default":null,"autoIncrement":false},{"name":"alt","tpe":{"dataType":"text","fullDataType":"text","characterMaximumLength":null,"family":"string","arity":"required","nativeType":"Text"},"default":null,"autoIncrement":false},{"name":"userId","tpe":{"dataType":"text","fullDataType":"text","characterMaximumLength":null,"family":"string","arity":"nullable","nativeType":"Text"},"default":null,"autoIncrement":false},{"name":"messageId","tpe":{"dataType":"text","fullDataType":"text","characterMaximumLength":null,"family":"string","arity":"nullable","nativeType":"Text"},"default":null,"autoIncrement":false}],"indices":[],"primaryKey":{"columns":["id"],"sequence":null,"constraintName":"Reaction_pkey"},"foreignKeys":[{"constraintName":"Reaction_messageId_fkey","columns":["messageId"],"referencedTable":"Message","referencedColumns":["id"],"onDeleteAction":"setNull","onUpdateAction":"cascade"},{"constraintName":"Reaction_userId_fkey","columns":["userId"],"referencedTable":"User","referencedColumns":["id"],"onDeleteAction":"setNull","onUpdateAction":"cascade"}]},{"name":"Session","columns":[{"name":"id","tpe":{"dataType":"text","fullDataType":"text","characterMaximumLength":null,"family":"string","arity":"required","nativeType":"Text"},"default":null,"autoIncrement":false},{"name":"createdAt","tpe":{"dataType":"timestamp without time zone","fullDataType":"timestamp","characterMaximumLength":null,"family":"dateTime","arity":"required","nativeType":{"Timestamp":3}},"default":"NOW","autoIncrement":false},{"name":"updatedAt","tpe":{"dataType":"timestamp without time zone","fullDataType":"timestamp","characterMaximumLength":null,"family":"dateTime","arity":"required","nativeType":{"Timestamp":3}},"default":null,"autoIncrement":false},{"name":"expiresAt","tpe":{"dataType":"timestamp without time zone","fullDataType":"timestamp","characterMaximumLength":null,"family":"dateTime","arity":"nullable","nativeType":{"Timestamp":3}},"default":null,"autoIncrement":false},{"name":"handle","tpe":{"dataType":"text","fullDataType":"text","characterMaximumLength":null,"family":"string","arity":"required","nativeType":"Text"},"default":null,"autoIncrement":false},{"name":"userId","tpe":{"dataType":"text","fullDataType":"text","characterMaximumLength":null,"family":"string","arity":"nullable","nativeType":"Text"},"default":null,"autoIncrement":false},{"name":"hashedSessionToken","tpe":{"dataType":"text","fullDataType":"text","characterMaximumLength":null,"family":"string","arity":"nullable","nativeType":"Text"},"default":null,"autoIncrement":false},{"name":"antiCSRFToken","tpe":{"dataType":"text","fullDataType":"text","characterMaximumLength":null,"family":"string","arity":"nullable","nativeType":"Text"},"default":null,"autoIncrement":false},{"name":"publicData","tpe":{"dataType":"text","fullDataType":"text","characterMaximumLength":null,"family":"string","arity":"nullable","nativeType":"Text"},"default":null,"autoIncrement":false},{"name":"privateData","tpe":{"dataType":"text","fullDataType":"text","characterMaximumLength":null,"family":"string","arity":"nullable","nativeType":"Text"},"default":null,"autoIncrement":false}],"indices":[{"name":"Session.handle_unique","columns":["handle"],"tpe":"unique"}],"primaryKey":{"columns":["id"],"sequence":null,"constraintName":"Session_pkey"},"foreignKeys":[{"constraintName":"Session_userId_fkey","columns":["userId"],"referencedTable":"User","referencedColumns":["id"],"onDeleteAction":"setNull","onUpdateAction":"cascade"}]},{"name":"User","columns":[{"name":"id","tpe":{"dataType":"text","fullDataType":"text","characterMaximumLength":null,"family":"string","arity":"required","nativeType":"Text"},"default":null,"autoIncrement":false},{"name":"createdAt","tpe":{"dataType":"timestamp without time zone","fullDataType":"timestamp","characterMaximumLength":null,"family":"dateTime","arity":"required","nativeType":{"Timestamp":3}},"default":"NOW","autoIncrement":false},{"name":"updatedAt","tpe":{"dataType":"timestamp without time zone","fullDataType":"timestamp","characterMaximumLength":null,"family":"dateTime","arity":"required","nativeType":{"Timestamp":3}},"default":null,"autoIncrement":false},{"name":"name","tpe":{"dataType":"text","fullDataType":"text","characterMaximumLength":null,"family":"string","arity":"nullable","nativeType":"Text"},"default":null,"autoIncrement":false},{"name":"email","tpe":{"dataType":"text","fullDataType":"text","characterMaximumLength":null,"family":"string","arity":"required","nativeType":"Text"},"default":null,"autoIncrement":false},{"name":"role","tpe":{"dataType":"text","fullDataType":"text","characterMaximumLength":null,"family":"string","arity":"required","nativeType":"Text"},"default":{"VALUE":"user"},"autoIncrement":false},{"name":"slackUserId","tpe":{"dataType":"text","fullDataType":"text","characterMaximumLength":null,"family":"string","arity":"required","nativeType":"Text"},"default":null,"autoIncrement":false},{"name":"slackAccessToken","tpe":{"dataType":"text","fullDataType":"text","characterMaximumLength":null,"family":"string","arity":"required","nativeType":"Text"},"default":{"VALUE":""},"autoIncrement":false}],"indices":[{"name":"User.email_unique","columns":["email"],"tpe":"unique"}],"primaryKey":{"columns":["id"],"sequence":null,"constraintName":"User_pkey"},"foreignKeys":[]}],"enums":[],"sequences":[{"name":"_Migration_revision_seq","initialValue":1,"allocationSize":1}]},"after":{"tables":[{"name":"User","columns":[{"name":"id","tpe":{"dataType":"","fullDataType":"","characterMaximumLength":null,"family":"string","arity":"required","nativeType":null},"default":null,"autoIncrement":false},{"name":"createdAt","tpe":{"dataType":"","fullDataType":"","characterMaximumLength":null,"family":"dateTime","arity":"required","nativeType":null},"default":"NOW","autoIncrement":false},{"name":"updatedAt","tpe":{"dataType":"","fullDataType":"","characterMaximumLength":null,"family":"dateTime","arity":"required","nativeType":null},"default":null,"autoIncrement":false},{"name":"name","tpe":{"dataType":"","fullDataType":"","characterMaximumLength":null,"family":"string","arity":"nullable","nativeType":null},"default":null,"autoIncrement":false},{"name":"email","tpe":{"dataType":"","fullDataType":"","characterMaximumLength":null,"family":"string","arity":"required","nativeType":null},"default":null,"autoIncrement":false},{"name":"role","tpe":{"dataType":"","fullDataType":"","characterMaximumLength":null,"family":"string","arity":"required","nativeType":null},"default":{"VALUE":"user"},"autoIncrement":false},{"name":"slackUserId","tpe":{"dataType":"","fullDataType":"","characterMaximumLength":null,"family":"string","arity":"required","nativeType":null},"default":null,"autoIncrement":false},{"name":"slackAccessToken","tpe":{"dataType":"","fullDataType":"","characterMaximumLength":null,"family":"string","arity":"required","nativeType":null},"default":{"VALUE":""},"autoIncrement":false},{"name":"isInstalled","tpe":{"dataType":"","fullDataType":"","characterMaximumLength":null,"family":"boolean","arity":"required","nativeType":null},"default":{"VALUE":false},"autoIncrement":false}],"indices":[{"name":"User.email_unique","columns":["email"],"tpe":"unique"}],"primaryKey":{"columns":["id"],"sequence":null,"constraintName":null},"foreignKeys":[]},{"name":"Session","columns":[{"name":"id","tpe":{"dataType":"","fullDataType":"","characterMaximumLength":null,"family":"string","arity":"required","nativeType":null},"default":null,"autoIncrement":false},{"name":"createdAt","tpe":{"dataType":"","fullDataType":"","characterMaximumLength":null,"family":"dateTime","arity":"required","nativeType":null},"default":"NOW","autoIncrement":false},{"name":"updatedAt","tpe":{"dataType":"","fullDataType":"","characterMaximumLength":null,"family":"dateTime","arity":"required","nativeType":null},"default":null,"autoIncrement":false},{"name":"expiresAt","tpe":{"dataType":"","fullDataType":"","characterMaximumLength":null,"family":"dateTime","arity":"nullable","nativeType":null},"default":null,"autoIncrement":false},{"name":"handle","tpe":{"dataType":"","fullDataType":"","characterMaximumLength":null,"family":"string","arity":"required","nativeType":null},"default":null,"autoIncrement":false},{"name":"userId","tpe":{"dataType":"","fullDataType":"","characterMaximumLength":null,"family":"string","arity":"nullable","nativeType":null},"default":null,"autoIncrement":false},{"name":"hashedSessionToken","tpe":{"dataType":"","fullDataType":"","characterMaximumLength":null,"family":"string","arity":"nullable","nativeType":null},"default":null,"autoIncrement":false},{"name":"antiCSRFToken","tpe":{"dataType":"","fullDataType":"","characterMaximumLength":null,"family":"string","arity":"nullable","nativeType":null},"default":null,"autoIncrement":false},{"name":"publicData","tpe":{"dataType":"","fullDataType":"","characterMaximumLength":null,"family":"string","arity":"nullable","nativeType":null},"default":null,"autoIncrement":false},{"name":"privateData","tpe":{"dataType":"","fullDataType":"","characterMaximumLength":null,"family":"string","arity":"nullable","nativeType":null},"default":null,"autoIncrement":false}],"indices":[{"name":"Session.handle_unique","columns":["handle"],"tpe":"unique"}],"primaryKey":{"columns":["id"],"sequence":null,"constraintName":null},"foreignKeys":[{"constraintName":null,"columns":["userId"],"referencedTable":"User","referencedColumns":["id"],"onDeleteAction":"setNull","onUpdateAction":"cascade"}]},{"name":"Message","columns":[{"name":"id","tpe":{"dataType":"","fullDataType":"","characterMaximumLength":null,"family":"string","arity":"required","nativeType":null},"default":null,"autoIncrement":false},{"name":"createdAt","tpe":{"dataType":"","fullDataType":"","characterMaximumLength":null,"family":"dateTime","arity":"required","nativeType":null},"default":"NOW","autoIncrement":false},{"name":"updatedAt","tpe":{"dataType":"","fullDataType":"","characterMaximumLength":null,"family":"dateTime","arity":"required","nativeType":null},"default":null,"autoIncrement":false},{"name":"title","tpe":{"dataType":"","fullDataType":"","characterMaximumLength":null,"family":"string","arity":"required","nativeType":null},"default":null,"autoIncrement":false},{"name":"body","tpe":{"dataType":"","fullDataType":"","characterMaximumLength":null,"family":"string","arity":"required","nativeType":null},"default":null,"autoIncrement":false},{"name":"userId","tpe":{"dataType":"","fullDataType":"","characterMaximumLength":null,"family":"string","arity":"nullable","nativeType":null},"default":null,"autoIncrement":false},{"name":"slackChannelId","tpe":{"dataType":"","fullDataType":"","characterMaximumLength":null,"family":"string","arity":"required","nativeType":null},"default":null,"autoIncrement":false},{"name":"slackTimeStamp","tpe":{"dataType":"","fullDataType":"","characterMaximumLength":null,"family":"string","arity":"nullable","nativeType":null},"default":null,"autoIncrement":false}],"indices":[],"primaryKey":{"columns":["id"],"sequence":null,"constraintName":null},"foreignKeys":[{"constraintName":null,"columns":["userId"],"referencedTable":"User","referencedColumns":["id"],"onDeleteAction":"setNull","onUpdateAction":"cascade"}]},{"name":"Reaction","columns":[{"name":"id","tpe":{"dataType":"","fullDataType":"","characterMaximumLength":null,"family":"string","arity":"required","nativeType":null},"default":null,"autoIncrement":false},{"name":"createdAt","tpe":{"dataType":"","fullDataType":"","characterMaximumLength":null,"family":"dateTime","arity":"required","nativeType":null},"default":"NOW","autoIncrement":false},{"name":"updatedAt","tpe":{"dataType":"","fullDataType":"","characterMaximumLength":null,"family":"dateTime","arity":"required","nativeType":null},"default":null,"autoIncrement":false},{"name":"emoji","tpe":{"dataType":"","fullDataType":"","characterMaximumLength":null,"family":"string","arity":"required","nativeType":null},"default":null,"autoIncrement":false},{"name":"alt","tpe":{"dataType":"","fullDataType":"","characterMaximumLength":null,"family":"string","arity":"required","nativeType":null},"default":null,"autoIncrement":false},{"name":"userId","tpe":{"dataType":"","fullDataType":"","characterMaximumLength":null,"family":"string","arity":"nullable","nativeType":null},"default":null,"autoIncrement":false},{"name":"messageId","tpe":{"dataType":"","fullDataType":"","characterMaximumLength":null,"family":"string","arity":"nullable","nativeType":null},"default":null,"autoIncrement":false}],"indices":[],"primaryKey":{"columns":["id"],"sequence":null,"constraintName":null},"foreignKeys":[{"constraintName":null,"columns":["userId"],"referencedTable":"User","referencedColumns":["id"],"onDeleteAction":"setNull","onUpdateAction":"cascade"},{"constraintName":null,"columns":["messageId"],"referencedTable":"Message","referencedColumns":["id"],"onDeleteAction":"setNull","onUpdateAction":"cascade"}]}],"enums":[],"sequences":[]},"steps":[{"AlterTable":{}}]}	[]	2021-01-18 14:31:19.522	2021-01-18 14:31:20.639
7	20210103122452-change-users	datasource db {\n  provider = "postgresql"\n  url      = "***"\n}\n\nmodel User {\n  id          String     @id @default(uuid())\n  createdAt   DateTime   @default(now())\n  updatedAt   DateTime   @updatedAt\n  name        String?\n  email       String     @unique\n  role        String     @default("user")\n  sessions    Session[]\n  messages    Message[]\n  reactions   Reaction[]\n  slackUserId String\n}\n\nmodel Session {\n  id                 String    @id @default(uuid())\n  createdAt          DateTime  @default(now())\n  updatedAt          DateTime  @updatedAt\n  expiresAt          DateTime?\n  handle             String    @unique\n  user               User?     @relation(fields: [userId], references: [id])\n  userId             String?\n  hashedSessionToken String?\n  antiCSRFToken      String?\n  publicData         String?\n  privateData        String?\n}\n\nmodel Message {\n  id             String     @id @default(uuid())\n  createdAt      DateTime   @default(now())\n  updatedAt      DateTime   @updatedAt\n  title          String\n  body           String\n  user           User?      @relation(fields: [userId], references: [id])\n  userId         String?\n  slackChannelId String\n  reactions      Reaction[]\n}\n\nmodel Reaction {\n  id        String   @id @default(uuid())\n  createdAt DateTime @default(now())\n  updatedAt DateTime @updatedAt\n  emoji     String\n  alt       String\n  user      User?    @relation(fields: [userId], references: [id])\n  userId    String?\n  message   Message? @relation(fields: [messageId], references: [id])\n  messageId String?\n}\n	MigrationSuccess	1	0	[{"tag":"CreateField","model":"User","field":"slackUserId","type":"String","arity":"Required"},{"tag":"DeleteField","model":"User","field":"hashedPassword"}]	{"before":{"tables":[{"name":"Message","columns":[{"name":"id","tpe":{"dataType":"text","fullDataType":"text","characterMaximumLength":null,"family":"string","arity":"required","nativeType":"Text"},"default":null,"autoIncrement":false},{"name":"createdAt","tpe":{"dataType":"timestamp without time zone","fullDataType":"timestamp","characterMaximumLength":null,"family":"dateTime","arity":"required","nativeType":{"Timestamp":3}},"default":"NOW","autoIncrement":false},{"name":"updatedAt","tpe":{"dataType":"timestamp without time zone","fullDataType":"timestamp","characterMaximumLength":null,"family":"dateTime","arity":"required","nativeType":{"Timestamp":3}},"default":null,"autoIncrement":false},{"name":"title","tpe":{"dataType":"text","fullDataType":"text","characterMaximumLength":null,"family":"string","arity":"required","nativeType":"Text"},"default":null,"autoIncrement":false},{"name":"body","tpe":{"dataType":"text","fullDataType":"text","characterMaximumLength":null,"family":"string","arity":"required","nativeType":"Text"},"default":null,"autoIncrement":false},{"name":"userId","tpe":{"dataType":"text","fullDataType":"text","characterMaximumLength":null,"family":"string","arity":"nullable","nativeType":"Text"},"default":null,"autoIncrement":false},{"name":"slackChannelId","tpe":{"dataType":"text","fullDataType":"text","characterMaximumLength":null,"family":"string","arity":"required","nativeType":"Text"},"default":null,"autoIncrement":false}],"indices":[],"primaryKey":{"columns":["id"],"sequence":null,"constraintName":"Message_pkey"},"foreignKeys":[{"constraintName":"Message_userId_fkey","columns":["userId"],"referencedTable":"User","referencedColumns":["id"],"onDeleteAction":"cascade","onUpdateAction":"cascade"}]},{"name":"_Migration","columns":[{"name":"revision","tpe":{"dataType":"integer","fullDataType":"int4","characterMaximumLength":null,"family":"int","arity":"required","nativeType":"Integer"},"default":{"SEQUENCE":"nextval('\\"_Migration_revision_seq\\"'::regclass)"},"autoIncrement":true},{"name":"name","tpe":{"dataType":"text","fullDataType":"text","characterMaximumLength":null,"family":"string","arity":"required","nativeType":"Text"},"default":null,"autoIncrement":false},{"name":"datamodel","tpe":{"dataType":"text","fullDataType":"text","characterMaximumLength":null,"family":"string","arity":"required","nativeType":"Text"},"default":null,"autoIncrement":false},{"name":"status","tpe":{"dataType":"text","fullDataType":"text","characterMaximumLength":null,"family":"string","arity":"required","nativeType":"Text"},"default":null,"autoIncrement":false},{"name":"applied","tpe":{"dataType":"integer","fullDataType":"int4","characterMaximumLength":null,"family":"int","arity":"required","nativeType":"Integer"},"default":null,"autoIncrement":false},{"name":"rolled_back","tpe":{"dataType":"integer","fullDataType":"int4","characterMaximumLength":null,"family":"int","arity":"required","nativeType":"Integer"},"default":null,"autoIncrement":false},{"name":"datamodel_steps","tpe":{"dataType":"text","fullDataType":"text","characterMaximumLength":null,"family":"string","arity":"required","nativeType":"Text"},"default":null,"autoIncrement":false},{"name":"database_migration","tpe":{"dataType":"text","fullDataType":"text","characterMaximumLength":null,"family":"string","arity":"required","nativeType":"Text"},"default":null,"autoIncrement":false},{"name":"errors","tpe":{"dataType":"text","fullDataType":"text","characterMaximumLength":null,"family":"string","arity":"required","nativeType":"Text"},"default":null,"autoIncrement":false},{"name":"started_at","tpe":{"dataType":"timestamp without time zone","fullDataType":"timestamp","characterMaximumLength":null,"family":"dateTime","arity":"required","nativeType":{"Timestamp":3}},"default":null,"autoIncrement":false},{"name":"finished_at","tpe":{"dataType":"timestamp without time zone","fullDataType":"timestamp","characterMaximumLength":null,"family":"dateTime","arity":"nullable","nativeType":{"Timestamp":3}},"default":null,"autoIncrement":false}],"indices":[],"primaryKey":{"columns":["revision"],"sequence":{"name":"_Migration_revision_seq","initialValue":1,"allocationSize":1},"constraintName":"_Migration_pkey"},"foreignKeys":[]},{"name":"Reaction","columns":[{"name":"id","tpe":{"dataType":"text","fullDataType":"text","characterMaximumLength":null,"family":"string","arity":"required","nativeType":"Text"},"default":null,"autoIncrement":false},{"name":"createdAt","tpe":{"dataType":"timestamp without time zone","fullDataType":"timestamp","characterMaximumLength":null,"family":"dateTime","arity":"required","nativeType":{"Timestamp":3}},"default":"NOW","autoIncrement":false},{"name":"updatedAt","tpe":{"dataType":"timestamp without time zone","fullDataType":"timestamp","characterMaximumLength":null,"family":"dateTime","arity":"required","nativeType":{"Timestamp":3}},"default":null,"autoIncrement":false},{"name":"emoji","tpe":{"dataType":"text","fullDataType":"text","characterMaximumLength":null,"family":"string","arity":"required","nativeType":"Text"},"default":null,"autoIncrement":false},{"name":"alt","tpe":{"dataType":"text","fullDataType":"text","characterMaximumLength":null,"family":"string","arity":"required","nativeType":"Text"},"default":null,"autoIncrement":false},{"name":"userId","tpe":{"dataType":"text","fullDataType":"text","characterMaximumLength":null,"family":"string","arity":"nullable","nativeType":"Text"},"default":null,"autoIncrement":false},{"name":"messageId","tpe":{"dataType":"text","fullDataType":"text","characterMaximumLength":null,"family":"string","arity":"nullable","nativeType":"Text"},"default":null,"autoIncrement":false}],"indices":[],"primaryKey":{"columns":["id"],"sequence":null,"constraintName":"Reaction_pkey"},"foreignKeys":[{"constraintName":"Reaction_messageId_fkey","columns":["messageId"],"referencedTable":"Message","referencedColumns":["id"],"onDeleteAction":"setNull","onUpdateAction":"cascade"},{"constraintName":"Reaction_userId_fkey","columns":["userId"],"referencedTable":"User","referencedColumns":["id"],"onDeleteAction":"setNull","onUpdateAction":"cascade"}]},{"name":"Session","columns":[{"name":"id","tpe":{"dataType":"text","fullDataType":"text","characterMaximumLength":null,"family":"string","arity":"required","nativeType":"Text"},"default":null,"autoIncrement":false},{"name":"createdAt","tpe":{"dataType":"timestamp without time zone","fullDataType":"timestamp","characterMaximumLength":null,"family":"dateTime","arity":"required","nativeType":{"Timestamp":3}},"default":"NOW","autoIncrement":false},{"name":"updatedAt","tpe":{"dataType":"timestamp without time zone","fullDataType":"timestamp","characterMaximumLength":null,"family":"dateTime","arity":"required","nativeType":{"Timestamp":3}},"default":null,"autoIncrement":false},{"name":"expiresAt","tpe":{"dataType":"timestamp without time zone","fullDataType":"timestamp","characterMaximumLength":null,"family":"dateTime","arity":"nullable","nativeType":{"Timestamp":3}},"default":null,"autoIncrement":false},{"name":"handle","tpe":{"dataType":"text","fullDataType":"text","characterMaximumLength":null,"family":"string","arity":"required","nativeType":"Text"},"default":null,"autoIncrement":false},{"name":"userId","tpe":{"dataType":"text","fullDataType":"text","characterMaximumLength":null,"family":"string","arity":"nullable","nativeType":"Text"},"default":null,"autoIncrement":false},{"name":"hashedSessionToken","tpe":{"dataType":"text","fullDataType":"text","characterMaximumLength":null,"family":"string","arity":"nullable","nativeType":"Text"},"default":null,"autoIncrement":false},{"name":"antiCSRFToken","tpe":{"dataType":"text","fullDataType":"text","characterMaximumLength":null,"family":"string","arity":"nullable","nativeType":"Text"},"default":null,"autoIncrement":false},{"name":"publicData","tpe":{"dataType":"text","fullDataType":"text","characterMaximumLength":null,"family":"string","arity":"nullable","nativeType":"Text"},"default":null,"autoIncrement":false},{"name":"privateData","tpe":{"dataType":"text","fullDataType":"text","characterMaximumLength":null,"family":"string","arity":"nullable","nativeType":"Text"},"default":null,"autoIncrement":false}],"indices":[{"name":"Session.handle_unique","columns":["handle"],"tpe":"unique"}],"primaryKey":{"columns":["id"],"sequence":null,"constraintName":"Session_pkey"},"foreignKeys":[{"constraintName":"Session_userId_fkey","columns":["userId"],"referencedTable":"User","referencedColumns":["id"],"onDeleteAction":"setNull","onUpdateAction":"cascade"}]},{"name":"User","columns":[{"name":"id","tpe":{"dataType":"text","fullDataType":"text","characterMaximumLength":null,"family":"string","arity":"required","nativeType":"Text"},"default":null,"autoIncrement":false},{"name":"createdAt","tpe":{"dataType":"timestamp without time zone","fullDataType":"timestamp","characterMaximumLength":null,"family":"dateTime","arity":"required","nativeType":{"Timestamp":3}},"default":"NOW","autoIncrement":false},{"name":"updatedAt","tpe":{"dataType":"timestamp without time zone","fullDataType":"timestamp","characterMaximumLength":null,"family":"dateTime","arity":"required","nativeType":{"Timestamp":3}},"default":null,"autoIncrement":false},{"name":"name","tpe":{"dataType":"text","fullDataType":"text","characterMaximumLength":null,"family":"string","arity":"nullable","nativeType":"Text"},"default":null,"autoIncrement":false},{"name":"email","tpe":{"dataType":"text","fullDataType":"text","characterMaximumLength":null,"family":"string","arity":"required","nativeType":"Text"},"default":null,"autoIncrement":false},{"name":"hashedPassword","tpe":{"dataType":"text","fullDataType":"text","characterMaximumLength":null,"family":"string","arity":"nullable","nativeType":"Text"},"default":null,"autoIncrement":false},{"name":"role","tpe":{"dataType":"text","fullDataType":"text","characterMaximumLength":null,"family":"string","arity":"required","nativeType":"Text"},"default":{"VALUE":"user"},"autoIncrement":false}],"indices":[{"name":"User.email_unique","columns":["email"],"tpe":"unique"}],"primaryKey":{"columns":["id"],"sequence":null,"constraintName":"User_pkey"},"foreignKeys":[]}],"enums":[],"sequences":[{"name":"_Migration_revision_seq","initialValue":1,"allocationSize":1}]},"after":{"tables":[{"name":"User","columns":[{"name":"id","tpe":{"dataType":"","fullDataType":"","characterMaximumLength":null,"family":"string","arity":"required","nativeType":null},"default":null,"autoIncrement":false},{"name":"createdAt","tpe":{"dataType":"","fullDataType":"","characterMaximumLength":null,"family":"dateTime","arity":"required","nativeType":null},"default":"NOW","autoIncrement":false},{"name":"updatedAt","tpe":{"dataType":"","fullDataType":"","characterMaximumLength":null,"family":"dateTime","arity":"required","nativeType":null},"default":null,"autoIncrement":false},{"name":"name","tpe":{"dataType":"","fullDataType":"","characterMaximumLength":null,"family":"string","arity":"nullable","nativeType":null},"default":null,"autoIncrement":false},{"name":"email","tpe":{"dataType":"","fullDataType":"","characterMaximumLength":null,"family":"string","arity":"required","nativeType":null},"default":null,"autoIncrement":false},{"name":"role","tpe":{"dataType":"","fullDataType":"","characterMaximumLength":null,"family":"string","arity":"required","nativeType":null},"default":{"VALUE":"user"},"autoIncrement":false},{"name":"slackUserId","tpe":{"dataType":"","fullDataType":"","characterMaximumLength":null,"family":"string","arity":"required","nativeType":null},"default":null,"autoIncrement":false}],"indices":[{"name":"User.email_unique","columns":["email"],"tpe":"unique"}],"primaryKey":{"columns":["id"],"sequence":null,"constraintName":null},"foreignKeys":[]},{"name":"Session","columns":[{"name":"id","tpe":{"dataType":"","fullDataType":"","characterMaximumLength":null,"family":"string","arity":"required","nativeType":null},"default":null,"autoIncrement":false},{"name":"createdAt","tpe":{"dataType":"","fullDataType":"","characterMaximumLength":null,"family":"dateTime","arity":"required","nativeType":null},"default":"NOW","autoIncrement":false},{"name":"updatedAt","tpe":{"dataType":"","fullDataType":"","characterMaximumLength":null,"family":"dateTime","arity":"required","nativeType":null},"default":null,"autoIncrement":false},{"name":"expiresAt","tpe":{"dataType":"","fullDataType":"","characterMaximumLength":null,"family":"dateTime","arity":"nullable","nativeType":null},"default":null,"autoIncrement":false},{"name":"handle","tpe":{"dataType":"","fullDataType":"","characterMaximumLength":null,"family":"string","arity":"required","nativeType":null},"default":null,"autoIncrement":false},{"name":"userId","tpe":{"dataType":"","fullDataType":"","characterMaximumLength":null,"family":"string","arity":"nullable","nativeType":null},"default":null,"autoIncrement":false},{"name":"hashedSessionToken","tpe":{"dataType":"","fullDataType":"","characterMaximumLength":null,"family":"string","arity":"nullable","nativeType":null},"default":null,"autoIncrement":false},{"name":"antiCSRFToken","tpe":{"dataType":"","fullDataType":"","characterMaximumLength":null,"family":"string","arity":"nullable","nativeType":null},"default":null,"autoIncrement":false},{"name":"publicData","tpe":{"dataType":"","fullDataType":"","characterMaximumLength":null,"family":"string","arity":"nullable","nativeType":null},"default":null,"autoIncrement":false},{"name":"privateData","tpe":{"dataType":"","fullDataType":"","characterMaximumLength":null,"family":"string","arity":"nullable","nativeType":null},"default":null,"autoIncrement":false}],"indices":[{"name":"Session.handle_unique","columns":["handle"],"tpe":"unique"}],"primaryKey":{"columns":["id"],"sequence":null,"constraintName":null},"foreignKeys":[{"constraintName":null,"columns":["userId"],"referencedTable":"User","referencedColumns":["id"],"onDeleteAction":"setNull","onUpdateAction":"cascade"}]},{"name":"Message","columns":[{"name":"id","tpe":{"dataType":"","fullDataType":"","characterMaximumLength":null,"family":"string","arity":"required","nativeType":null},"default":null,"autoIncrement":false},{"name":"createdAt","tpe":{"dataType":"","fullDataType":"","characterMaximumLength":null,"family":"dateTime","arity":"required","nativeType":null},"default":"NOW","autoIncrement":false},{"name":"updatedAt","tpe":{"dataType":"","fullDataType":"","characterMaximumLength":null,"family":"dateTime","arity":"required","nativeType":null},"default":null,"autoIncrement":false},{"name":"title","tpe":{"dataType":"","fullDataType":"","characterMaximumLength":null,"family":"string","arity":"required","nativeType":null},"default":null,"autoIncrement":false},{"name":"body","tpe":{"dataType":"","fullDataType":"","characterMaximumLength":null,"family":"string","arity":"required","nativeType":null},"default":null,"autoIncrement":false},{"name":"userId","tpe":{"dataType":"","fullDataType":"","characterMaximumLength":null,"family":"string","arity":"nullable","nativeType":null},"default":null,"autoIncrement":false},{"name":"slackChannelId","tpe":{"dataType":"","fullDataType":"","characterMaximumLength":null,"family":"string","arity":"required","nativeType":null},"default":null,"autoIncrement":false}],"indices":[],"primaryKey":{"columns":["id"],"sequence":null,"constraintName":null},"foreignKeys":[{"constraintName":null,"columns":["userId"],"referencedTable":"User","referencedColumns":["id"],"onDeleteAction":"setNull","onUpdateAction":"cascade"}]},{"name":"Reaction","columns":[{"name":"id","tpe":{"dataType":"","fullDataType":"","characterMaximumLength":null,"family":"string","arity":"required","nativeType":null},"default":null,"autoIncrement":false},{"name":"createdAt","tpe":{"dataType":"","fullDataType":"","characterMaximumLength":null,"family":"dateTime","arity":"required","nativeType":null},"default":"NOW","autoIncrement":false},{"name":"updatedAt","tpe":{"dataType":"","fullDataType":"","characterMaximumLength":null,"family":"dateTime","arity":"required","nativeType":null},"default":null,"autoIncrement":false},{"name":"emoji","tpe":{"dataType":"","fullDataType":"","characterMaximumLength":null,"family":"string","arity":"required","nativeType":null},"default":null,"autoIncrement":false},{"name":"alt","tpe":{"dataType":"","fullDataType":"","characterMaximumLength":null,"family":"string","arity":"required","nativeType":null},"default":null,"autoIncrement":false},{"name":"userId","tpe":{"dataType":"","fullDataType":"","characterMaximumLength":null,"family":"string","arity":"nullable","nativeType":null},"default":null,"autoIncrement":false},{"name":"messageId","tpe":{"dataType":"","fullDataType":"","characterMaximumLength":null,"family":"string","arity":"nullable","nativeType":null},"default":null,"autoIncrement":false}],"indices":[],"primaryKey":{"columns":["id"],"sequence":null,"constraintName":null},"foreignKeys":[{"constraintName":null,"columns":["userId"],"referencedTable":"User","referencedColumns":["id"],"onDeleteAction":"setNull","onUpdateAction":"cascade"},{"constraintName":null,"columns":["messageId"],"referencedTable":"Message","referencedColumns":["id"],"onDeleteAction":"setNull","onUpdateAction":"cascade"}]}],"enums":[],"sequences":[]},"steps":[{"AlterTable":{}}]}	[]	2021-01-18 14:31:03.799	2021-01-18 14:31:05.557
9	20210105214100-add-slack-access-token	datasource db {\n  provider = "postgresql"\n  url      = "***"\n}\n\nmodel User {\n  id               String     @id @default(uuid())\n  createdAt        DateTime   @default(now())\n  updatedAt        DateTime   @updatedAt\n  name             String?\n  email            String     @unique\n  role             String     @default("user")\n  sessions         Session[]\n  messages         Message[]\n  reactions        Reaction[]\n  slackUserId      String\n  slackAccessToken String     @default("")\n}\n\nmodel Session {\n  id                 String    @id @default(uuid())\n  createdAt          DateTime  @default(now())\n  updatedAt          DateTime  @updatedAt\n  expiresAt          DateTime?\n  handle             String    @unique\n  user               User?     @relation(fields: [userId], references: [id])\n  userId             String?\n  hashedSessionToken String?\n  antiCSRFToken      String?\n  publicData         String?\n  privateData        String?\n}\n\nmodel Message {\n  id             String     @id @default(uuid())\n  createdAt      DateTime   @default(now())\n  updatedAt      DateTime   @updatedAt\n  title          String\n  body           String\n  user           User?      @relation(fields: [userId], references: [id])\n  userId         String?\n  slackChannelId String\n  reactions      Reaction[]\n  slackTimeStamp String?\n}\n\nmodel Reaction {\n  id        String   @id @default(uuid())\n  createdAt DateTime @default(now())\n  updatedAt DateTime @updatedAt\n  emoji     String\n  alt       String\n  user      User?    @relation(fields: [userId], references: [id])\n  userId    String?\n  message   Message? @relation(fields: [messageId], references: [id])\n  messageId String?\n}\n	MigrationSuccess	1	0	[{"tag":"CreateField","model":"User","field":"slackAccessToken","type":"String","arity":"Required"},{"tag":"CreateDirective","location":{"path":{"tag":"Field","model":"User","field":"slackAccessToken"},"directive":"default"}},{"tag":"CreateArgument","location":{"tag":"Directive","path":{"tag":"Field","model":"User","field":"slackAccessToken"},"directive":"default"},"argument":"","value":"\\"\\""}]	{"before":{"tables":[{"name":"Message","columns":[{"name":"id","tpe":{"dataType":"text","fullDataType":"text","characterMaximumLength":null,"family":"string","arity":"required","nativeType":"Text"},"default":null,"autoIncrement":false},{"name":"createdAt","tpe":{"dataType":"timestamp without time zone","fullDataType":"timestamp","characterMaximumLength":null,"family":"dateTime","arity":"required","nativeType":{"Timestamp":3}},"default":"NOW","autoIncrement":false},{"name":"updatedAt","tpe":{"dataType":"timestamp without time zone","fullDataType":"timestamp","characterMaximumLength":null,"family":"dateTime","arity":"required","nativeType":{"Timestamp":3}},"default":null,"autoIncrement":false},{"name":"title","tpe":{"dataType":"text","fullDataType":"text","characterMaximumLength":null,"family":"string","arity":"required","nativeType":"Text"},"default":null,"autoIncrement":false},{"name":"body","tpe":{"dataType":"text","fullDataType":"text","characterMaximumLength":null,"family":"string","arity":"required","nativeType":"Text"},"default":null,"autoIncrement":false},{"name":"userId","tpe":{"dataType":"text","fullDataType":"text","characterMaximumLength":null,"family":"string","arity":"nullable","nativeType":"Text"},"default":null,"autoIncrement":false},{"name":"slackChannelId","tpe":{"dataType":"text","fullDataType":"text","characterMaximumLength":null,"family":"string","arity":"required","nativeType":"Text"},"default":null,"autoIncrement":false},{"name":"slackTimeStamp","tpe":{"dataType":"text","fullDataType":"text","characterMaximumLength":null,"family":"string","arity":"nullable","nativeType":"Text"},"default":null,"autoIncrement":false}],"indices":[],"primaryKey":{"columns":["id"],"sequence":null,"constraintName":"Message_pkey"},"foreignKeys":[{"constraintName":"Message_userId_fkey","columns":["userId"],"referencedTable":"User","referencedColumns":["id"],"onDeleteAction":"cascade","onUpdateAction":"cascade"}]},{"name":"_Migration","columns":[{"name":"revision","tpe":{"dataType":"integer","fullDataType":"int4","characterMaximumLength":null,"family":"int","arity":"required","nativeType":"Integer"},"default":{"SEQUENCE":"nextval('\\"_Migration_revision_seq\\"'::regclass)"},"autoIncrement":true},{"name":"name","tpe":{"dataType":"text","fullDataType":"text","characterMaximumLength":null,"family":"string","arity":"required","nativeType":"Text"},"default":null,"autoIncrement":false},{"name":"datamodel","tpe":{"dataType":"text","fullDataType":"text","characterMaximumLength":null,"family":"string","arity":"required","nativeType":"Text"},"default":null,"autoIncrement":false},{"name":"status","tpe":{"dataType":"text","fullDataType":"text","characterMaximumLength":null,"family":"string","arity":"required","nativeType":"Text"},"default":null,"autoIncrement":false},{"name":"applied","tpe":{"dataType":"integer","fullDataType":"int4","characterMaximumLength":null,"family":"int","arity":"required","nativeType":"Integer"},"default":null,"autoIncrement":false},{"name":"rolled_back","tpe":{"dataType":"integer","fullDataType":"int4","characterMaximumLength":null,"family":"int","arity":"required","nativeType":"Integer"},"default":null,"autoIncrement":false},{"name":"datamodel_steps","tpe":{"dataType":"text","fullDataType":"text","characterMaximumLength":null,"family":"string","arity":"required","nativeType":"Text"},"default":null,"autoIncrement":false},{"name":"database_migration","tpe":{"dataType":"text","fullDataType":"text","characterMaximumLength":null,"family":"string","arity":"required","nativeType":"Text"},"default":null,"autoIncrement":false},{"name":"errors","tpe":{"dataType":"text","fullDataType":"text","characterMaximumLength":null,"family":"string","arity":"required","nativeType":"Text"},"default":null,"autoIncrement":false},{"name":"started_at","tpe":{"dataType":"timestamp without time zone","fullDataType":"timestamp","characterMaximumLength":null,"family":"dateTime","arity":"required","nativeType":{"Timestamp":3}},"default":null,"autoIncrement":false},{"name":"finished_at","tpe":{"dataType":"timestamp without time zone","fullDataType":"timestamp","characterMaximumLength":null,"family":"dateTime","arity":"nullable","nativeType":{"Timestamp":3}},"default":null,"autoIncrement":false}],"indices":[],"primaryKey":{"columns":["revision"],"sequence":{"name":"_Migration_revision_seq","initialValue":1,"allocationSize":1},"constraintName":"_Migration_pkey"},"foreignKeys":[]},{"name":"Reaction","columns":[{"name":"id","tpe":{"dataType":"text","fullDataType":"text","characterMaximumLength":null,"family":"string","arity":"required","nativeType":"Text"},"default":null,"autoIncrement":false},{"name":"createdAt","tpe":{"dataType":"timestamp without time zone","fullDataType":"timestamp","characterMaximumLength":null,"family":"dateTime","arity":"required","nativeType":{"Timestamp":3}},"default":"NOW","autoIncrement":false},{"name":"updatedAt","tpe":{"dataType":"timestamp without time zone","fullDataType":"timestamp","characterMaximumLength":null,"family":"dateTime","arity":"required","nativeType":{"Timestamp":3}},"default":null,"autoIncrement":false},{"name":"emoji","tpe":{"dataType":"text","fullDataType":"text","characterMaximumLength":null,"family":"string","arity":"required","nativeType":"Text"},"default":null,"autoIncrement":false},{"name":"alt","tpe":{"dataType":"text","fullDataType":"text","characterMaximumLength":null,"family":"string","arity":"required","nativeType":"Text"},"default":null,"autoIncrement":false},{"name":"userId","tpe":{"dataType":"text","fullDataType":"text","characterMaximumLength":null,"family":"string","arity":"nullable","nativeType":"Text"},"default":null,"autoIncrement":false},{"name":"messageId","tpe":{"dataType":"text","fullDataType":"text","characterMaximumLength":null,"family":"string","arity":"nullable","nativeType":"Text"},"default":null,"autoIncrement":false}],"indices":[],"primaryKey":{"columns":["id"],"sequence":null,"constraintName":"Reaction_pkey"},"foreignKeys":[{"constraintName":"Reaction_messageId_fkey","columns":["messageId"],"referencedTable":"Message","referencedColumns":["id"],"onDeleteAction":"setNull","onUpdateAction":"cascade"},{"constraintName":"Reaction_userId_fkey","columns":["userId"],"referencedTable":"User","referencedColumns":["id"],"onDeleteAction":"setNull","onUpdateAction":"cascade"}]},{"name":"Session","columns":[{"name":"id","tpe":{"dataType":"text","fullDataType":"text","characterMaximumLength":null,"family":"string","arity":"required","nativeType":"Text"},"default":null,"autoIncrement":false},{"name":"createdAt","tpe":{"dataType":"timestamp without time zone","fullDataType":"timestamp","characterMaximumLength":null,"family":"dateTime","arity":"required","nativeType":{"Timestamp":3}},"default":"NOW","autoIncrement":false},{"name":"updatedAt","tpe":{"dataType":"timestamp without time zone","fullDataType":"timestamp","characterMaximumLength":null,"family":"dateTime","arity":"required","nativeType":{"Timestamp":3}},"default":null,"autoIncrement":false},{"name":"expiresAt","tpe":{"dataType":"timestamp without time zone","fullDataType":"timestamp","characterMaximumLength":null,"family":"dateTime","arity":"nullable","nativeType":{"Timestamp":3}},"default":null,"autoIncrement":false},{"name":"handle","tpe":{"dataType":"text","fullDataType":"text","characterMaximumLength":null,"family":"string","arity":"required","nativeType":"Text"},"default":null,"autoIncrement":false},{"name":"userId","tpe":{"dataType":"text","fullDataType":"text","characterMaximumLength":null,"family":"string","arity":"nullable","nativeType":"Text"},"default":null,"autoIncrement":false},{"name":"hashedSessionToken","tpe":{"dataType":"text","fullDataType":"text","characterMaximumLength":null,"family":"string","arity":"nullable","nativeType":"Text"},"default":null,"autoIncrement":false},{"name":"antiCSRFToken","tpe":{"dataType":"text","fullDataType":"text","characterMaximumLength":null,"family":"string","arity":"nullable","nativeType":"Text"},"default":null,"autoIncrement":false},{"name":"publicData","tpe":{"dataType":"text","fullDataType":"text","characterMaximumLength":null,"family":"string","arity":"nullable","nativeType":"Text"},"default":null,"autoIncrement":false},{"name":"privateData","tpe":{"dataType":"text","fullDataType":"text","characterMaximumLength":null,"family":"string","arity":"nullable","nativeType":"Text"},"default":null,"autoIncrement":false}],"indices":[{"name":"Session.handle_unique","columns":["handle"],"tpe":"unique"}],"primaryKey":{"columns":["id"],"sequence":null,"constraintName":"Session_pkey"},"foreignKeys":[{"constraintName":"Session_userId_fkey","columns":["userId"],"referencedTable":"User","referencedColumns":["id"],"onDeleteAction":"setNull","onUpdateAction":"cascade"}]},{"name":"User","columns":[{"name":"id","tpe":{"dataType":"text","fullDataType":"text","characterMaximumLength":null,"family":"string","arity":"required","nativeType":"Text"},"default":null,"autoIncrement":false},{"name":"createdAt","tpe":{"dataType":"timestamp without time zone","fullDataType":"timestamp","characterMaximumLength":null,"family":"dateTime","arity":"required","nativeType":{"Timestamp":3}},"default":"NOW","autoIncrement":false},{"name":"updatedAt","tpe":{"dataType":"timestamp without time zone","fullDataType":"timestamp","characterMaximumLength":null,"family":"dateTime","arity":"required","nativeType":{"Timestamp":3}},"default":null,"autoIncrement":false},{"name":"name","tpe":{"dataType":"text","fullDataType":"text","characterMaximumLength":null,"family":"string","arity":"nullable","nativeType":"Text"},"default":null,"autoIncrement":false},{"name":"email","tpe":{"dataType":"text","fullDataType":"text","characterMaximumLength":null,"family":"string","arity":"required","nativeType":"Text"},"default":null,"autoIncrement":false},{"name":"role","tpe":{"dataType":"text","fullDataType":"text","characterMaximumLength":null,"family":"string","arity":"required","nativeType":"Text"},"default":{"VALUE":"user"},"autoIncrement":false},{"name":"slackUserId","tpe":{"dataType":"text","fullDataType":"text","characterMaximumLength":null,"family":"string","arity":"required","nativeType":"Text"},"default":null,"autoIncrement":false}],"indices":[{"name":"User.email_unique","columns":["email"],"tpe":"unique"}],"primaryKey":{"columns":["id"],"sequence":null,"constraintName":"User_pkey"},"foreignKeys":[]}],"enums":[],"sequences":[{"name":"_Migration_revision_seq","initialValue":1,"allocationSize":1}]},"after":{"tables":[{"name":"User","columns":[{"name":"id","tpe":{"dataType":"","fullDataType":"","characterMaximumLength":null,"family":"string","arity":"required","nativeType":null},"default":null,"autoIncrement":false},{"name":"createdAt","tpe":{"dataType":"","fullDataType":"","characterMaximumLength":null,"family":"dateTime","arity":"required","nativeType":null},"default":"NOW","autoIncrement":false},{"name":"updatedAt","tpe":{"dataType":"","fullDataType":"","characterMaximumLength":null,"family":"dateTime","arity":"required","nativeType":null},"default":null,"autoIncrement":false},{"name":"name","tpe":{"dataType":"","fullDataType":"","characterMaximumLength":null,"family":"string","arity":"nullable","nativeType":null},"default":null,"autoIncrement":false},{"name":"email","tpe":{"dataType":"","fullDataType":"","characterMaximumLength":null,"family":"string","arity":"required","nativeType":null},"default":null,"autoIncrement":false},{"name":"role","tpe":{"dataType":"","fullDataType":"","characterMaximumLength":null,"family":"string","arity":"required","nativeType":null},"default":{"VALUE":"user"},"autoIncrement":false},{"name":"slackUserId","tpe":{"dataType":"","fullDataType":"","characterMaximumLength":null,"family":"string","arity":"required","nativeType":null},"default":null,"autoIncrement":false},{"name":"slackAccessToken","tpe":{"dataType":"","fullDataType":"","characterMaximumLength":null,"family":"string","arity":"required","nativeType":null},"default":{"VALUE":""},"autoIncrement":false}],"indices":[{"name":"User.email_unique","columns":["email"],"tpe":"unique"}],"primaryKey":{"columns":["id"],"sequence":null,"constraintName":null},"foreignKeys":[]},{"name":"Session","columns":[{"name":"id","tpe":{"dataType":"","fullDataType":"","characterMaximumLength":null,"family":"string","arity":"required","nativeType":null},"default":null,"autoIncrement":false},{"name":"createdAt","tpe":{"dataType":"","fullDataType":"","characterMaximumLength":null,"family":"dateTime","arity":"required","nativeType":null},"default":"NOW","autoIncrement":false},{"name":"updatedAt","tpe":{"dataType":"","fullDataType":"","characterMaximumLength":null,"family":"dateTime","arity":"required","nativeType":null},"default":null,"autoIncrement":false},{"name":"expiresAt","tpe":{"dataType":"","fullDataType":"","characterMaximumLength":null,"family":"dateTime","arity":"nullable","nativeType":null},"default":null,"autoIncrement":false},{"name":"handle","tpe":{"dataType":"","fullDataType":"","characterMaximumLength":null,"family":"string","arity":"required","nativeType":null},"default":null,"autoIncrement":false},{"name":"userId","tpe":{"dataType":"","fullDataType":"","characterMaximumLength":null,"family":"string","arity":"nullable","nativeType":null},"default":null,"autoIncrement":false},{"name":"hashedSessionToken","tpe":{"dataType":"","fullDataType":"","characterMaximumLength":null,"family":"string","arity":"nullable","nativeType":null},"default":null,"autoIncrement":false},{"name":"antiCSRFToken","tpe":{"dataType":"","fullDataType":"","characterMaximumLength":null,"family":"string","arity":"nullable","nativeType":null},"default":null,"autoIncrement":false},{"name":"publicData","tpe":{"dataType":"","fullDataType":"","characterMaximumLength":null,"family":"string","arity":"nullable","nativeType":null},"default":null,"autoIncrement":false},{"name":"privateData","tpe":{"dataType":"","fullDataType":"","characterMaximumLength":null,"family":"string","arity":"nullable","nativeType":null},"default":null,"autoIncrement":false}],"indices":[{"name":"Session.handle_unique","columns":["handle"],"tpe":"unique"}],"primaryKey":{"columns":["id"],"sequence":null,"constraintName":null},"foreignKeys":[{"constraintName":null,"columns":["userId"],"referencedTable":"User","referencedColumns":["id"],"onDeleteAction":"setNull","onUpdateAction":"cascade"}]},{"name":"Message","columns":[{"name":"id","tpe":{"dataType":"","fullDataType":"","characterMaximumLength":null,"family":"string","arity":"required","nativeType":null},"default":null,"autoIncrement":false},{"name":"createdAt","tpe":{"dataType":"","fullDataType":"","characterMaximumLength":null,"family":"dateTime","arity":"required","nativeType":null},"default":"NOW","autoIncrement":false},{"name":"updatedAt","tpe":{"dataType":"","fullDataType":"","characterMaximumLength":null,"family":"dateTime","arity":"required","nativeType":null},"default":null,"autoIncrement":false},{"name":"title","tpe":{"dataType":"","fullDataType":"","characterMaximumLength":null,"family":"string","arity":"required","nativeType":null},"default":null,"autoIncrement":false},{"name":"body","tpe":{"dataType":"","fullDataType":"","characterMaximumLength":null,"family":"string","arity":"required","nativeType":null},"default":null,"autoIncrement":false},{"name":"userId","tpe":{"dataType":"","fullDataType":"","characterMaximumLength":null,"family":"string","arity":"nullable","nativeType":null},"default":null,"autoIncrement":false},{"name":"slackChannelId","tpe":{"dataType":"","fullDataType":"","characterMaximumLength":null,"family":"string","arity":"required","nativeType":null},"default":null,"autoIncrement":false},{"name":"slackTimeStamp","tpe":{"dataType":"","fullDataType":"","characterMaximumLength":null,"family":"string","arity":"nullable","nativeType":null},"default":null,"autoIncrement":false}],"indices":[],"primaryKey":{"columns":["id"],"sequence":null,"constraintName":null},"foreignKeys":[{"constraintName":null,"columns":["userId"],"referencedTable":"User","referencedColumns":["id"],"onDeleteAction":"setNull","onUpdateAction":"cascade"}]},{"name":"Reaction","columns":[{"name":"id","tpe":{"dataType":"","fullDataType":"","characterMaximumLength":null,"family":"string","arity":"required","nativeType":null},"default":null,"autoIncrement":false},{"name":"createdAt","tpe":{"dataType":"","fullDataType":"","characterMaximumLength":null,"family":"dateTime","arity":"required","nativeType":null},"default":"NOW","autoIncrement":false},{"name":"updatedAt","tpe":{"dataType":"","fullDataType":"","characterMaximumLength":null,"family":"dateTime","arity":"required","nativeType":null},"default":null,"autoIncrement":false},{"name":"emoji","tpe":{"dataType":"","fullDataType":"","characterMaximumLength":null,"family":"string","arity":"required","nativeType":null},"default":null,"autoIncrement":false},{"name":"alt","tpe":{"dataType":"","fullDataType":"","characterMaximumLength":null,"family":"string","arity":"required","nativeType":null},"default":null,"autoIncrement":false},{"name":"userId","tpe":{"dataType":"","fullDataType":"","characterMaximumLength":null,"family":"string","arity":"nullable","nativeType":null},"default":null,"autoIncrement":false},{"name":"messageId","tpe":{"dataType":"","fullDataType":"","characterMaximumLength":null,"family":"string","arity":"nullable","nativeType":null},"default":null,"autoIncrement":false}],"indices":[],"primaryKey":{"columns":["id"],"sequence":null,"constraintName":null},"foreignKeys":[{"constraintName":null,"columns":["userId"],"referencedTable":"User","referencedColumns":["id"],"onDeleteAction":"setNull","onUpdateAction":"cascade"},{"constraintName":null,"columns":["messageId"],"referencedTable":"Message","referencedColumns":["id"],"onDeleteAction":"setNull","onUpdateAction":"cascade"}]}],"enums":[],"sequences":[]},"steps":[{"AlterTable":{}}]}	[]	2021-01-18 14:31:14.496	2021-01-18 14:31:15.616
8	20210104141720-add-timestamp-to-message	datasource db {\n  provider = "postgresql"\n  url      = "***"\n}\n\nmodel User {\n  id          String     @id @default(uuid())\n  createdAt   DateTime   @default(now())\n  updatedAt   DateTime   @updatedAt\n  name        String?\n  email       String     @unique\n  role        String     @default("user")\n  sessions    Session[]\n  messages    Message[]\n  reactions   Reaction[]\n  slackUserId String\n}\n\nmodel Session {\n  id                 String    @id @default(uuid())\n  createdAt          DateTime  @default(now())\n  updatedAt          DateTime  @updatedAt\n  expiresAt          DateTime?\n  handle             String    @unique\n  user               User?     @relation(fields: [userId], references: [id])\n  userId             String?\n  hashedSessionToken String?\n  antiCSRFToken      String?\n  publicData         String?\n  privateData        String?\n}\n\nmodel Message {\n  id             String     @id @default(uuid())\n  createdAt      DateTime   @default(now())\n  updatedAt      DateTime   @updatedAt\n  title          String\n  body           String\n  user           User?      @relation(fields: [userId], references: [id])\n  userId         String?\n  slackChannelId String\n  reactions      Reaction[]\n  slackTimeStamp String?\n}\n\nmodel Reaction {\n  id        String   @id @default(uuid())\n  createdAt DateTime @default(now())\n  updatedAt DateTime @updatedAt\n  emoji     String\n  alt       String\n  user      User?    @relation(fields: [userId], references: [id])\n  userId    String?\n  message   Message? @relation(fields: [messageId], references: [id])\n  messageId String?\n}\n	MigrationSuccess	1	0	[{"tag":"CreateField","model":"Message","field":"slackTimeStamp","type":"String","arity":"Optional"}]	{"before":{"tables":[{"name":"Message","columns":[{"name":"id","tpe":{"dataType":"text","fullDataType":"text","characterMaximumLength":null,"family":"string","arity":"required","nativeType":"Text"},"default":null,"autoIncrement":false},{"name":"createdAt","tpe":{"dataType":"timestamp without time zone","fullDataType":"timestamp","characterMaximumLength":null,"family":"dateTime","arity":"required","nativeType":{"Timestamp":3}},"default":"NOW","autoIncrement":false},{"name":"updatedAt","tpe":{"dataType":"timestamp without time zone","fullDataType":"timestamp","characterMaximumLength":null,"family":"dateTime","arity":"required","nativeType":{"Timestamp":3}},"default":null,"autoIncrement":false},{"name":"title","tpe":{"dataType":"text","fullDataType":"text","characterMaximumLength":null,"family":"string","arity":"required","nativeType":"Text"},"default":null,"autoIncrement":false},{"name":"body","tpe":{"dataType":"text","fullDataType":"text","characterMaximumLength":null,"family":"string","arity":"required","nativeType":"Text"},"default":null,"autoIncrement":false},{"name":"userId","tpe":{"dataType":"text","fullDataType":"text","characterMaximumLength":null,"family":"string","arity":"nullable","nativeType":"Text"},"default":null,"autoIncrement":false},{"name":"slackChannelId","tpe":{"dataType":"text","fullDataType":"text","characterMaximumLength":null,"family":"string","arity":"required","nativeType":"Text"},"default":null,"autoIncrement":false}],"indices":[],"primaryKey":{"columns":["id"],"sequence":null,"constraintName":"Message_pkey"},"foreignKeys":[{"constraintName":"Message_userId_fkey","columns":["userId"],"referencedTable":"User","referencedColumns":["id"],"onDeleteAction":"cascade","onUpdateAction":"cascade"}]},{"name":"_Migration","columns":[{"name":"revision","tpe":{"dataType":"integer","fullDataType":"int4","characterMaximumLength":null,"family":"int","arity":"required","nativeType":"Integer"},"default":{"SEQUENCE":"nextval('\\"_Migration_revision_seq\\"'::regclass)"},"autoIncrement":true},{"name":"name","tpe":{"dataType":"text","fullDataType":"text","characterMaximumLength":null,"family":"string","arity":"required","nativeType":"Text"},"default":null,"autoIncrement":false},{"name":"datamodel","tpe":{"dataType":"text","fullDataType":"text","characterMaximumLength":null,"family":"string","arity":"required","nativeType":"Text"},"default":null,"autoIncrement":false},{"name":"status","tpe":{"dataType":"text","fullDataType":"text","characterMaximumLength":null,"family":"string","arity":"required","nativeType":"Text"},"default":null,"autoIncrement":false},{"name":"applied","tpe":{"dataType":"integer","fullDataType":"int4","characterMaximumLength":null,"family":"int","arity":"required","nativeType":"Integer"},"default":null,"autoIncrement":false},{"name":"rolled_back","tpe":{"dataType":"integer","fullDataType":"int4","characterMaximumLength":null,"family":"int","arity":"required","nativeType":"Integer"},"default":null,"autoIncrement":false},{"name":"datamodel_steps","tpe":{"dataType":"text","fullDataType":"text","characterMaximumLength":null,"family":"string","arity":"required","nativeType":"Text"},"default":null,"autoIncrement":false},{"name":"database_migration","tpe":{"dataType":"text","fullDataType":"text","characterMaximumLength":null,"family":"string","arity":"required","nativeType":"Text"},"default":null,"autoIncrement":false},{"name":"errors","tpe":{"dataType":"text","fullDataType":"text","characterMaximumLength":null,"family":"string","arity":"required","nativeType":"Text"},"default":null,"autoIncrement":false},{"name":"started_at","tpe":{"dataType":"timestamp without time zone","fullDataType":"timestamp","characterMaximumLength":null,"family":"dateTime","arity":"required","nativeType":{"Timestamp":3}},"default":null,"autoIncrement":false},{"name":"finished_at","tpe":{"dataType":"timestamp without time zone","fullDataType":"timestamp","characterMaximumLength":null,"family":"dateTime","arity":"nullable","nativeType":{"Timestamp":3}},"default":null,"autoIncrement":false}],"indices":[],"primaryKey":{"columns":["revision"],"sequence":{"name":"_Migration_revision_seq","initialValue":1,"allocationSize":1},"constraintName":"_Migration_pkey"},"foreignKeys":[]},{"name":"Reaction","columns":[{"name":"id","tpe":{"dataType":"text","fullDataType":"text","characterMaximumLength":null,"family":"string","arity":"required","nativeType":"Text"},"default":null,"autoIncrement":false},{"name":"createdAt","tpe":{"dataType":"timestamp without time zone","fullDataType":"timestamp","characterMaximumLength":null,"family":"dateTime","arity":"required","nativeType":{"Timestamp":3}},"default":"NOW","autoIncrement":false},{"name":"updatedAt","tpe":{"dataType":"timestamp without time zone","fullDataType":"timestamp","characterMaximumLength":null,"family":"dateTime","arity":"required","nativeType":{"Timestamp":3}},"default":null,"autoIncrement":false},{"name":"emoji","tpe":{"dataType":"text","fullDataType":"text","characterMaximumLength":null,"family":"string","arity":"required","nativeType":"Text"},"default":null,"autoIncrement":false},{"name":"alt","tpe":{"dataType":"text","fullDataType":"text","characterMaximumLength":null,"family":"string","arity":"required","nativeType":"Text"},"default":null,"autoIncrement":false},{"name":"userId","tpe":{"dataType":"text","fullDataType":"text","characterMaximumLength":null,"family":"string","arity":"nullable","nativeType":"Text"},"default":null,"autoIncrement":false},{"name":"messageId","tpe":{"dataType":"text","fullDataType":"text","characterMaximumLength":null,"family":"string","arity":"nullable","nativeType":"Text"},"default":null,"autoIncrement":false}],"indices":[],"primaryKey":{"columns":["id"],"sequence":null,"constraintName":"Reaction_pkey"},"foreignKeys":[{"constraintName":"Reaction_messageId_fkey","columns":["messageId"],"referencedTable":"Message","referencedColumns":["id"],"onDeleteAction":"setNull","onUpdateAction":"cascade"},{"constraintName":"Reaction_userId_fkey","columns":["userId"],"referencedTable":"User","referencedColumns":["id"],"onDeleteAction":"setNull","onUpdateAction":"cascade"}]},{"name":"Session","columns":[{"name":"id","tpe":{"dataType":"text","fullDataType":"text","characterMaximumLength":null,"family":"string","arity":"required","nativeType":"Text"},"default":null,"autoIncrement":false},{"name":"createdAt","tpe":{"dataType":"timestamp without time zone","fullDataType":"timestamp","characterMaximumLength":null,"family":"dateTime","arity":"required","nativeType":{"Timestamp":3}},"default":"NOW","autoIncrement":false},{"name":"updatedAt","tpe":{"dataType":"timestamp without time zone","fullDataType":"timestamp","characterMaximumLength":null,"family":"dateTime","arity":"required","nativeType":{"Timestamp":3}},"default":null,"autoIncrement":false},{"name":"expiresAt","tpe":{"dataType":"timestamp without time zone","fullDataType":"timestamp","characterMaximumLength":null,"family":"dateTime","arity":"nullable","nativeType":{"Timestamp":3}},"default":null,"autoIncrement":false},{"name":"handle","tpe":{"dataType":"text","fullDataType":"text","characterMaximumLength":null,"family":"string","arity":"required","nativeType":"Text"},"default":null,"autoIncrement":false},{"name":"userId","tpe":{"dataType":"text","fullDataType":"text","characterMaximumLength":null,"family":"string","arity":"nullable","nativeType":"Text"},"default":null,"autoIncrement":false},{"name":"hashedSessionToken","tpe":{"dataType":"text","fullDataType":"text","characterMaximumLength":null,"family":"string","arity":"nullable","nativeType":"Text"},"default":null,"autoIncrement":false},{"name":"antiCSRFToken","tpe":{"dataType":"text","fullDataType":"text","characterMaximumLength":null,"family":"string","arity":"nullable","nativeType":"Text"},"default":null,"autoIncrement":false},{"name":"publicData","tpe":{"dataType":"text","fullDataType":"text","characterMaximumLength":null,"family":"string","arity":"nullable","nativeType":"Text"},"default":null,"autoIncrement":false},{"name":"privateData","tpe":{"dataType":"text","fullDataType":"text","characterMaximumLength":null,"family":"string","arity":"nullable","nativeType":"Text"},"default":null,"autoIncrement":false}],"indices":[{"name":"Session.handle_unique","columns":["handle"],"tpe":"unique"}],"primaryKey":{"columns":["id"],"sequence":null,"constraintName":"Session_pkey"},"foreignKeys":[{"constraintName":"Session_userId_fkey","columns":["userId"],"referencedTable":"User","referencedColumns":["id"],"onDeleteAction":"setNull","onUpdateAction":"cascade"}]},{"name":"User","columns":[{"name":"id","tpe":{"dataType":"text","fullDataType":"text","characterMaximumLength":null,"family":"string","arity":"required","nativeType":"Text"},"default":null,"autoIncrement":false},{"name":"createdAt","tpe":{"dataType":"timestamp without time zone","fullDataType":"timestamp","characterMaximumLength":null,"family":"dateTime","arity":"required","nativeType":{"Timestamp":3}},"default":"NOW","autoIncrement":false},{"name":"updatedAt","tpe":{"dataType":"timestamp without time zone","fullDataType":"timestamp","characterMaximumLength":null,"family":"dateTime","arity":"required","nativeType":{"Timestamp":3}},"default":null,"autoIncrement":false},{"name":"name","tpe":{"dataType":"text","fullDataType":"text","characterMaximumLength":null,"family":"string","arity":"nullable","nativeType":"Text"},"default":null,"autoIncrement":false},{"name":"email","tpe":{"dataType":"text","fullDataType":"text","characterMaximumLength":null,"family":"string","arity":"required","nativeType":"Text"},"default":null,"autoIncrement":false},{"name":"role","tpe":{"dataType":"text","fullDataType":"text","characterMaximumLength":null,"family":"string","arity":"required","nativeType":"Text"},"default":{"VALUE":"user"},"autoIncrement":false},{"name":"slackUserId","tpe":{"dataType":"text","fullDataType":"text","characterMaximumLength":null,"family":"string","arity":"required","nativeType":"Text"},"default":null,"autoIncrement":false}],"indices":[{"name":"User.email_unique","columns":["email"],"tpe":"unique"}],"primaryKey":{"columns":["id"],"sequence":null,"constraintName":"User_pkey"},"foreignKeys":[]}],"enums":[],"sequences":[{"name":"_Migration_revision_seq","initialValue":1,"allocationSize":1}]},"after":{"tables":[{"name":"User","columns":[{"name":"id","tpe":{"dataType":"","fullDataType":"","characterMaximumLength":null,"family":"string","arity":"required","nativeType":null},"default":null,"autoIncrement":false},{"name":"createdAt","tpe":{"dataType":"","fullDataType":"","characterMaximumLength":null,"family":"dateTime","arity":"required","nativeType":null},"default":"NOW","autoIncrement":false},{"name":"updatedAt","tpe":{"dataType":"","fullDataType":"","characterMaximumLength":null,"family":"dateTime","arity":"required","nativeType":null},"default":null,"autoIncrement":false},{"name":"name","tpe":{"dataType":"","fullDataType":"","characterMaximumLength":null,"family":"string","arity":"nullable","nativeType":null},"default":null,"autoIncrement":false},{"name":"email","tpe":{"dataType":"","fullDataType":"","characterMaximumLength":null,"family":"string","arity":"required","nativeType":null},"default":null,"autoIncrement":false},{"name":"role","tpe":{"dataType":"","fullDataType":"","characterMaximumLength":null,"family":"string","arity":"required","nativeType":null},"default":{"VALUE":"user"},"autoIncrement":false},{"name":"slackUserId","tpe":{"dataType":"","fullDataType":"","characterMaximumLength":null,"family":"string","arity":"required","nativeType":null},"default":null,"autoIncrement":false}],"indices":[{"name":"User.email_unique","columns":["email"],"tpe":"unique"}],"primaryKey":{"columns":["id"],"sequence":null,"constraintName":null},"foreignKeys":[]},{"name":"Session","columns":[{"name":"id","tpe":{"dataType":"","fullDataType":"","characterMaximumLength":null,"family":"string","arity":"required","nativeType":null},"default":null,"autoIncrement":false},{"name":"createdAt","tpe":{"dataType":"","fullDataType":"","characterMaximumLength":null,"family":"dateTime","arity":"required","nativeType":null},"default":"NOW","autoIncrement":false},{"name":"updatedAt","tpe":{"dataType":"","fullDataType":"","characterMaximumLength":null,"family":"dateTime","arity":"required","nativeType":null},"default":null,"autoIncrement":false},{"name":"expiresAt","tpe":{"dataType":"","fullDataType":"","characterMaximumLength":null,"family":"dateTime","arity":"nullable","nativeType":null},"default":null,"autoIncrement":false},{"name":"handle","tpe":{"dataType":"","fullDataType":"","characterMaximumLength":null,"family":"string","arity":"required","nativeType":null},"default":null,"autoIncrement":false},{"name":"userId","tpe":{"dataType":"","fullDataType":"","characterMaximumLength":null,"family":"string","arity":"nullable","nativeType":null},"default":null,"autoIncrement":false},{"name":"hashedSessionToken","tpe":{"dataType":"","fullDataType":"","characterMaximumLength":null,"family":"string","arity":"nullable","nativeType":null},"default":null,"autoIncrement":false},{"name":"antiCSRFToken","tpe":{"dataType":"","fullDataType":"","characterMaximumLength":null,"family":"string","arity":"nullable","nativeType":null},"default":null,"autoIncrement":false},{"name":"publicData","tpe":{"dataType":"","fullDataType":"","characterMaximumLength":null,"family":"string","arity":"nullable","nativeType":null},"default":null,"autoIncrement":false},{"name":"privateData","tpe":{"dataType":"","fullDataType":"","characterMaximumLength":null,"family":"string","arity":"nullable","nativeType":null},"default":null,"autoIncrement":false}],"indices":[{"name":"Session.handle_unique","columns":["handle"],"tpe":"unique"}],"primaryKey":{"columns":["id"],"sequence":null,"constraintName":null},"foreignKeys":[{"constraintName":null,"columns":["userId"],"referencedTable":"User","referencedColumns":["id"],"onDeleteAction":"setNull","onUpdateAction":"cascade"}]},{"name":"Message","columns":[{"name":"id","tpe":{"dataType":"","fullDataType":"","characterMaximumLength":null,"family":"string","arity":"required","nativeType":null},"default":null,"autoIncrement":false},{"name":"createdAt","tpe":{"dataType":"","fullDataType":"","characterMaximumLength":null,"family":"dateTime","arity":"required","nativeType":null},"default":"NOW","autoIncrement":false},{"name":"updatedAt","tpe":{"dataType":"","fullDataType":"","characterMaximumLength":null,"family":"dateTime","arity":"required","nativeType":null},"default":null,"autoIncrement":false},{"name":"title","tpe":{"dataType":"","fullDataType":"","characterMaximumLength":null,"family":"string","arity":"required","nativeType":null},"default":null,"autoIncrement":false},{"name":"body","tpe":{"dataType":"","fullDataType":"","characterMaximumLength":null,"family":"string","arity":"required","nativeType":null},"default":null,"autoIncrement":false},{"name":"userId","tpe":{"dataType":"","fullDataType":"","characterMaximumLength":null,"family":"string","arity":"nullable","nativeType":null},"default":null,"autoIncrement":false},{"name":"slackChannelId","tpe":{"dataType":"","fullDataType":"","characterMaximumLength":null,"family":"string","arity":"required","nativeType":null},"default":null,"autoIncrement":false},{"name":"slackTimeStamp","tpe":{"dataType":"","fullDataType":"","characterMaximumLength":null,"family":"string","arity":"nullable","nativeType":null},"default":null,"autoIncrement":false}],"indices":[],"primaryKey":{"columns":["id"],"sequence":null,"constraintName":null},"foreignKeys":[{"constraintName":null,"columns":["userId"],"referencedTable":"User","referencedColumns":["id"],"onDeleteAction":"setNull","onUpdateAction":"cascade"}]},{"name":"Reaction","columns":[{"name":"id","tpe":{"dataType":"","fullDataType":"","characterMaximumLength":null,"family":"string","arity":"required","nativeType":null},"default":null,"autoIncrement":false},{"name":"createdAt","tpe":{"dataType":"","fullDataType":"","characterMaximumLength":null,"family":"dateTime","arity":"required","nativeType":null},"default":"NOW","autoIncrement":false},{"name":"updatedAt","tpe":{"dataType":"","fullDataType":"","characterMaximumLength":null,"family":"dateTime","arity":"required","nativeType":null},"default":null,"autoIncrement":false},{"name":"emoji","tpe":{"dataType":"","fullDataType":"","characterMaximumLength":null,"family":"string","arity":"required","nativeType":null},"default":null,"autoIncrement":false},{"name":"alt","tpe":{"dataType":"","fullDataType":"","characterMaximumLength":null,"family":"string","arity":"required","nativeType":null},"default":null,"autoIncrement":false},{"name":"userId","tpe":{"dataType":"","fullDataType":"","characterMaximumLength":null,"family":"string","arity":"nullable","nativeType":null},"default":null,"autoIncrement":false},{"name":"messageId","tpe":{"dataType":"","fullDataType":"","characterMaximumLength":null,"family":"string","arity":"nullable","nativeType":null},"default":null,"autoIncrement":false}],"indices":[],"primaryKey":{"columns":["id"],"sequence":null,"constraintName":null},"foreignKeys":[{"constraintName":null,"columns":["userId"],"referencedTable":"User","referencedColumns":["id"],"onDeleteAction":"setNull","onUpdateAction":"cascade"},{"constraintName":null,"columns":["messageId"],"referencedTable":"Message","referencedColumns":["id"],"onDeleteAction":"setNull","onUpdateAction":"cascade"}]}],"enums":[],"sequences":[]},"steps":[{"AlterTable":{}}]}	[]	2021-01-18 14:31:09.457	2021-01-18 14:31:10.59
12	20210119191555-add-avatar-url-to-users	datasource db {\n  provider = "postgresql"\n  url      = "***"\n}\n\nmodel User {\n  id               String     @id @default(uuid())\n  createdAt        DateTime   @default(now())\n  updatedAt        DateTime   @updatedAt\n  name             String?\n  email            String     @unique\n  role             String     @default("user")\n  sessions         Session[]\n  messages         Message[]\n  reactions        Reaction[]\n  slackUserId      String\n  slackAccessToken String     @default("")\n  isInstalled      Boolean    @default(false)\n  avatarUrl        String?\n}\n\nmodel Session {\n  id                 String    @id @default(uuid())\n  createdAt          DateTime  @default(now())\n  updatedAt          DateTime  @updatedAt\n  expiresAt          DateTime?\n  handle             String    @unique\n  user               User?     @relation(fields: [userId], references: [id])\n  userId             String?\n  hashedSessionToken String?\n  antiCSRFToken      String?\n  publicData         String?\n  privateData        String?\n}\n\nmodel Message {\n  id             String        @id @default(uuid())\n  createdAt      DateTime      @default(now())\n  updatedAt      DateTime      @updatedAt\n  title          String\n  body           String\n  user           User?         @relation(fields: [userId], references: [id])\n  userId         String?\n  slackChannelId String\n  reactions      Reaction[]\n  slackTimeStamp String?\n  views          MessageView[]\n}\n\nmodel Reaction {\n  id        String   @id @default(uuid())\n  createdAt DateTime @default(now())\n  updatedAt DateTime @updatedAt\n  emoji     String\n  alt       String\n  user      User?    @relation(fields: [userId], references: [id])\n  userId    String?\n  message   Message? @relation(fields: [messageId], references: [id])\n  messageId String?\n}\n\nmodel MessageView {\n  createdAt DateTime @default(now())\n  updatedAt DateTime @updatedAt\n  userId    String\n  user      User     @relation(fields: [userId], references: [id])\n  messageId String\n  message   Message  @relation(fields: [messageId], references: [id])\n\n  @@id([userId, messageId])\n}\n	MigrationSuccess	1	0	[{"tag":"CreateField","model":"User","field":"avatarUrl","type":"String","arity":"Optional"}]	{"before":{"tables":[{"name":"Message","columns":[{"name":"id","tpe":{"dataType":"text","fullDataType":"text","characterMaximumLength":null,"family":"string","arity":"required","nativeType":"Text"},"default":null,"autoIncrement":false},{"name":"createdAt","tpe":{"dataType":"timestamp without time zone","fullDataType":"timestamp","characterMaximumLength":null,"family":"dateTime","arity":"required","nativeType":{"Timestamp":3}},"default":"NOW","autoIncrement":false},{"name":"updatedAt","tpe":{"dataType":"timestamp without time zone","fullDataType":"timestamp","characterMaximumLength":null,"family":"dateTime","arity":"required","nativeType":{"Timestamp":3}},"default":null,"autoIncrement":false},{"name":"title","tpe":{"dataType":"text","fullDataType":"text","characterMaximumLength":null,"family":"string","arity":"required","nativeType":"Text"},"default":null,"autoIncrement":false},{"name":"body","tpe":{"dataType":"text","fullDataType":"text","characterMaximumLength":null,"family":"string","arity":"required","nativeType":"Text"},"default":null,"autoIncrement":false},{"name":"userId","tpe":{"dataType":"text","fullDataType":"text","characterMaximumLength":null,"family":"string","arity":"nullable","nativeType":"Text"},"default":null,"autoIncrement":false},{"name":"slackChannelId","tpe":{"dataType":"text","fullDataType":"text","characterMaximumLength":null,"family":"string","arity":"required","nativeType":"Text"},"default":null,"autoIncrement":false},{"name":"slackTimeStamp","tpe":{"dataType":"text","fullDataType":"text","characterMaximumLength":null,"family":"string","arity":"nullable","nativeType":"Text"},"default":null,"autoIncrement":false}],"indices":[],"primaryKey":{"columns":["id"],"sequence":null,"constraintName":"Message_pkey"},"foreignKeys":[{"constraintName":"Message_userId_fkey","columns":["userId"],"referencedTable":"User","referencedColumns":["id"],"onDeleteAction":"cascade","onUpdateAction":"cascade"}]},{"name":"MessageView","columns":[{"name":"createdAt","tpe":{"dataType":"timestamp without time zone","fullDataType":"timestamp","characterMaximumLength":null,"family":"dateTime","arity":"required","nativeType":{"Timestamp":3}},"default":"NOW","autoIncrement":false},{"name":"updatedAt","tpe":{"dataType":"timestamp without time zone","fullDataType":"timestamp","characterMaximumLength":null,"family":"dateTime","arity":"required","nativeType":{"Timestamp":3}},"default":null,"autoIncrement":false},{"name":"userId","tpe":{"dataType":"text","fullDataType":"text","characterMaximumLength":null,"family":"string","arity":"required","nativeType":"Text"},"default":null,"autoIncrement":false},{"name":"messageId","tpe":{"dataType":"text","fullDataType":"text","characterMaximumLength":null,"family":"string","arity":"required","nativeType":"Text"},"default":null,"autoIncrement":false}],"indices":[],"primaryKey":{"columns":["userId","messageId"],"sequence":null,"constraintName":"MessageView_pkey"},"foreignKeys":[{"constraintName":"MessageView_messageId_fkey","columns":["messageId"],"referencedTable":"Message","referencedColumns":["id"],"onDeleteAction":"cascade","onUpdateAction":"cascade"},{"constraintName":"MessageView_userId_fkey","columns":["userId"],"referencedTable":"User","referencedColumns":["id"],"onDeleteAction":"cascade","onUpdateAction":"cascade"}]},{"name":"_Migration","columns":[{"name":"revision","tpe":{"dataType":"integer","fullDataType":"int4","characterMaximumLength":null,"family":"int","arity":"required","nativeType":"Integer"},"default":{"SEQUENCE":"nextval('\\"_Migration_revision_seq\\"'::regclass)"},"autoIncrement":true},{"name":"name","tpe":{"dataType":"text","fullDataType":"text","characterMaximumLength":null,"family":"string","arity":"required","nativeType":"Text"},"default":null,"autoIncrement":false},{"name":"datamodel","tpe":{"dataType":"text","fullDataType":"text","characterMaximumLength":null,"family":"string","arity":"required","nativeType":"Text"},"default":null,"autoIncrement":false},{"name":"status","tpe":{"dataType":"text","fullDataType":"text","characterMaximumLength":null,"family":"string","arity":"required","nativeType":"Text"},"default":null,"autoIncrement":false},{"name":"applied","tpe":{"dataType":"integer","fullDataType":"int4","characterMaximumLength":null,"family":"int","arity":"required","nativeType":"Integer"},"default":null,"autoIncrement":false},{"name":"rolled_back","tpe":{"dataType":"integer","fullDataType":"int4","characterMaximumLength":null,"family":"int","arity":"required","nativeType":"Integer"},"default":null,"autoIncrement":false},{"name":"datamodel_steps","tpe":{"dataType":"text","fullDataType":"text","characterMaximumLength":null,"family":"string","arity":"required","nativeType":"Text"},"default":null,"autoIncrement":false},{"name":"database_migration","tpe":{"dataType":"text","fullDataType":"text","characterMaximumLength":null,"family":"string","arity":"required","nativeType":"Text"},"default":null,"autoIncrement":false},{"name":"errors","tpe":{"dataType":"text","fullDataType":"text","characterMaximumLength":null,"family":"string","arity":"required","nativeType":"Text"},"default":null,"autoIncrement":false},{"name":"started_at","tpe":{"dataType":"timestamp without time zone","fullDataType":"timestamp","characterMaximumLength":null,"family":"dateTime","arity":"required","nativeType":{"Timestamp":3}},"default":null,"autoIncrement":false},{"name":"finished_at","tpe":{"dataType":"timestamp without time zone","fullDataType":"timestamp","characterMaximumLength":null,"family":"dateTime","arity":"nullable","nativeType":{"Timestamp":3}},"default":null,"autoIncrement":false}],"indices":[],"primaryKey":{"columns":["revision"],"sequence":{"name":"_Migration_revision_seq","initialValue":1,"allocationSize":1},"constraintName":"_Migration_pkey"},"foreignKeys":[]},{"name":"Reaction","columns":[{"name":"id","tpe":{"dataType":"text","fullDataType":"text","characterMaximumLength":null,"family":"string","arity":"required","nativeType":"Text"},"default":null,"autoIncrement":false},{"name":"createdAt","tpe":{"dataType":"timestamp without time zone","fullDataType":"timestamp","characterMaximumLength":null,"family":"dateTime","arity":"required","nativeType":{"Timestamp":3}},"default":"NOW","autoIncrement":false},{"name":"updatedAt","tpe":{"dataType":"timestamp without time zone","fullDataType":"timestamp","characterMaximumLength":null,"family":"dateTime","arity":"required","nativeType":{"Timestamp":3}},"default":null,"autoIncrement":false},{"name":"emoji","tpe":{"dataType":"text","fullDataType":"text","characterMaximumLength":null,"family":"string","arity":"required","nativeType":"Text"},"default":null,"autoIncrement":false},{"name":"alt","tpe":{"dataType":"text","fullDataType":"text","characterMaximumLength":null,"family":"string","arity":"required","nativeType":"Text"},"default":null,"autoIncrement":false},{"name":"userId","tpe":{"dataType":"text","fullDataType":"text","characterMaximumLength":null,"family":"string","arity":"nullable","nativeType":"Text"},"default":null,"autoIncrement":false},{"name":"messageId","tpe":{"dataType":"text","fullDataType":"text","characterMaximumLength":null,"family":"string","arity":"nullable","nativeType":"Text"},"default":null,"autoIncrement":false}],"indices":[],"primaryKey":{"columns":["id"],"sequence":null,"constraintName":"Reaction_pkey"},"foreignKeys":[{"constraintName":"Reaction_messageId_fkey","columns":["messageId"],"referencedTable":"Message","referencedColumns":["id"],"onDeleteAction":"setNull","onUpdateAction":"cascade"},{"constraintName":"Reaction_userId_fkey","columns":["userId"],"referencedTable":"User","referencedColumns":["id"],"onDeleteAction":"setNull","onUpdateAction":"cascade"}]},{"name":"Session","columns":[{"name":"id","tpe":{"dataType":"text","fullDataType":"text","characterMaximumLength":null,"family":"string","arity":"required","nativeType":"Text"},"default":null,"autoIncrement":false},{"name":"createdAt","tpe":{"dataType":"timestamp without time zone","fullDataType":"timestamp","characterMaximumLength":null,"family":"dateTime","arity":"required","nativeType":{"Timestamp":3}},"default":"NOW","autoIncrement":false},{"name":"updatedAt","tpe":{"dataType":"timestamp without time zone","fullDataType":"timestamp","characterMaximumLength":null,"family":"dateTime","arity":"required","nativeType":{"Timestamp":3}},"default":null,"autoIncrement":false},{"name":"expiresAt","tpe":{"dataType":"timestamp without time zone","fullDataType":"timestamp","characterMaximumLength":null,"family":"dateTime","arity":"nullable","nativeType":{"Timestamp":3}},"default":null,"autoIncrement":false},{"name":"handle","tpe":{"dataType":"text","fullDataType":"text","characterMaximumLength":null,"family":"string","arity":"required","nativeType":"Text"},"default":null,"autoIncrement":false},{"name":"userId","tpe":{"dataType":"text","fullDataType":"text","characterMaximumLength":null,"family":"string","arity":"nullable","nativeType":"Text"},"default":null,"autoIncrement":false},{"name":"hashedSessionToken","tpe":{"dataType":"text","fullDataType":"text","characterMaximumLength":null,"family":"string","arity":"nullable","nativeType":"Text"},"default":null,"autoIncrement":false},{"name":"antiCSRFToken","tpe":{"dataType":"text","fullDataType":"text","characterMaximumLength":null,"family":"string","arity":"nullable","nativeType":"Text"},"default":null,"autoIncrement":false},{"name":"publicData","tpe":{"dataType":"text","fullDataType":"text","characterMaximumLength":null,"family":"string","arity":"nullable","nativeType":"Text"},"default":null,"autoIncrement":false},{"name":"privateData","tpe":{"dataType":"text","fullDataType":"text","characterMaximumLength":null,"family":"string","arity":"nullable","nativeType":"Text"},"default":null,"autoIncrement":false}],"indices":[{"name":"Session.handle_unique","columns":["handle"],"tpe":"unique"}],"primaryKey":{"columns":["id"],"sequence":null,"constraintName":"Session_pkey"},"foreignKeys":[{"constraintName":"Session_userId_fkey","columns":["userId"],"referencedTable":"User","referencedColumns":["id"],"onDeleteAction":"setNull","onUpdateAction":"cascade"}]},{"name":"User","columns":[{"name":"id","tpe":{"dataType":"text","fullDataType":"text","characterMaximumLength":null,"family":"string","arity":"required","nativeType":"Text"},"default":null,"autoIncrement":false},{"name":"createdAt","tpe":{"dataType":"timestamp without time zone","fullDataType":"timestamp","characterMaximumLength":null,"family":"dateTime","arity":"required","nativeType":{"Timestamp":3}},"default":"NOW","autoIncrement":false},{"name":"updatedAt","tpe":{"dataType":"timestamp without time zone","fullDataType":"timestamp","characterMaximumLength":null,"family":"dateTime","arity":"required","nativeType":{"Timestamp":3}},"default":null,"autoIncrement":false},{"name":"name","tpe":{"dataType":"text","fullDataType":"text","characterMaximumLength":null,"family":"string","arity":"nullable","nativeType":"Text"},"default":null,"autoIncrement":false},{"name":"email","tpe":{"dataType":"text","fullDataType":"text","characterMaximumLength":null,"family":"string","arity":"required","nativeType":"Text"},"default":null,"autoIncrement":false},{"name":"role","tpe":{"dataType":"text","fullDataType":"text","characterMaximumLength":null,"family":"string","arity":"required","nativeType":"Text"},"default":{"VALUE":"user"},"autoIncrement":false},{"name":"slackUserId","tpe":{"dataType":"text","fullDataType":"text","characterMaximumLength":null,"family":"string","arity":"required","nativeType":"Text"},"default":null,"autoIncrement":false},{"name":"slackAccessToken","tpe":{"dataType":"text","fullDataType":"text","characterMaximumLength":null,"family":"string","arity":"required","nativeType":"Text"},"default":{"VALUE":""},"autoIncrement":false},{"name":"isInstalled","tpe":{"dataType":"boolean","fullDataType":"bool","characterMaximumLength":null,"family":"boolean","arity":"required","nativeType":"Boolean"},"default":{"VALUE":false},"autoIncrement":false}],"indices":[{"name":"User.email_unique","columns":["email"],"tpe":"unique"}],"primaryKey":{"columns":["id"],"sequence":null,"constraintName":"User_pkey"},"foreignKeys":[]}],"enums":[],"sequences":[{"name":"_Migration_revision_seq","initialValue":1,"allocationSize":1}]},"after":{"tables":[{"name":"User","columns":[{"name":"id","tpe":{"dataType":"","fullDataType":"","characterMaximumLength":null,"family":"string","arity":"required","nativeType":null},"default":null,"autoIncrement":false},{"name":"createdAt","tpe":{"dataType":"","fullDataType":"","characterMaximumLength":null,"family":"dateTime","arity":"required","nativeType":null},"default":"NOW","autoIncrement":false},{"name":"updatedAt","tpe":{"dataType":"","fullDataType":"","characterMaximumLength":null,"family":"dateTime","arity":"required","nativeType":null},"default":null,"autoIncrement":false},{"name":"name","tpe":{"dataType":"","fullDataType":"","characterMaximumLength":null,"family":"string","arity":"nullable","nativeType":null},"default":null,"autoIncrement":false},{"name":"email","tpe":{"dataType":"","fullDataType":"","characterMaximumLength":null,"family":"string","arity":"required","nativeType":null},"default":null,"autoIncrement":false},{"name":"role","tpe":{"dataType":"","fullDataType":"","characterMaximumLength":null,"family":"string","arity":"required","nativeType":null},"default":{"VALUE":"user"},"autoIncrement":false},{"name":"slackUserId","tpe":{"dataType":"","fullDataType":"","characterMaximumLength":null,"family":"string","arity":"required","nativeType":null},"default":null,"autoIncrement":false},{"name":"slackAccessToken","tpe":{"dataType":"","fullDataType":"","characterMaximumLength":null,"family":"string","arity":"required","nativeType":null},"default":{"VALUE":""},"autoIncrement":false},{"name":"isInstalled","tpe":{"dataType":"","fullDataType":"","characterMaximumLength":null,"family":"boolean","arity":"required","nativeType":null},"default":{"VALUE":false},"autoIncrement":false},{"name":"avatarUrl","tpe":{"dataType":"","fullDataType":"","characterMaximumLength":null,"family":"string","arity":"nullable","nativeType":null},"default":null,"autoIncrement":false}],"indices":[{"name":"User.email_unique","columns":["email"],"tpe":"unique"}],"primaryKey":{"columns":["id"],"sequence":null,"constraintName":null},"foreignKeys":[]},{"name":"Session","columns":[{"name":"id","tpe":{"dataType":"","fullDataType":"","characterMaximumLength":null,"family":"string","arity":"required","nativeType":null},"default":null,"autoIncrement":false},{"name":"createdAt","tpe":{"dataType":"","fullDataType":"","characterMaximumLength":null,"family":"dateTime","arity":"required","nativeType":null},"default":"NOW","autoIncrement":false},{"name":"updatedAt","tpe":{"dataType":"","fullDataType":"","characterMaximumLength":null,"family":"dateTime","arity":"required","nativeType":null},"default":null,"autoIncrement":false},{"name":"expiresAt","tpe":{"dataType":"","fullDataType":"","characterMaximumLength":null,"family":"dateTime","arity":"nullable","nativeType":null},"default":null,"autoIncrement":false},{"name":"handle","tpe":{"dataType":"","fullDataType":"","characterMaximumLength":null,"family":"string","arity":"required","nativeType":null},"default":null,"autoIncrement":false},{"name":"userId","tpe":{"dataType":"","fullDataType":"","characterMaximumLength":null,"family":"string","arity":"nullable","nativeType":null},"default":null,"autoIncrement":false},{"name":"hashedSessionToken","tpe":{"dataType":"","fullDataType":"","characterMaximumLength":null,"family":"string","arity":"nullable","nativeType":null},"default":null,"autoIncrement":false},{"name":"antiCSRFToken","tpe":{"dataType":"","fullDataType":"","characterMaximumLength":null,"family":"string","arity":"nullable","nativeType":null},"default":null,"autoIncrement":false},{"name":"publicData","tpe":{"dataType":"","fullDataType":"","characterMaximumLength":null,"family":"string","arity":"nullable","nativeType":null},"default":null,"autoIncrement":false},{"name":"privateData","tpe":{"dataType":"","fullDataType":"","characterMaximumLength":null,"family":"string","arity":"nullable","nativeType":null},"default":null,"autoIncrement":false}],"indices":[{"name":"Session.handle_unique","columns":["handle"],"tpe":"unique"}],"primaryKey":{"columns":["id"],"sequence":null,"constraintName":null},"foreignKeys":[{"constraintName":null,"columns":["userId"],"referencedTable":"User","referencedColumns":["id"],"onDeleteAction":"setNull","onUpdateAction":"cascade"}]},{"name":"Message","columns":[{"name":"id","tpe":{"dataType":"","fullDataType":"","characterMaximumLength":null,"family":"string","arity":"required","nativeType":null},"default":null,"autoIncrement":false},{"name":"createdAt","tpe":{"dataType":"","fullDataType":"","characterMaximumLength":null,"family":"dateTime","arity":"required","nativeType":null},"default":"NOW","autoIncrement":false},{"name":"updatedAt","tpe":{"dataType":"","fullDataType":"","characterMaximumLength":null,"family":"dateTime","arity":"required","nativeType":null},"default":null,"autoIncrement":false},{"name":"title","tpe":{"dataType":"","fullDataType":"","characterMaximumLength":null,"family":"string","arity":"required","nativeType":null},"default":null,"autoIncrement":false},{"name":"body","tpe":{"dataType":"","fullDataType":"","characterMaximumLength":null,"family":"string","arity":"required","nativeType":null},"default":null,"autoIncrement":false},{"name":"userId","tpe":{"dataType":"","fullDataType":"","characterMaximumLength":null,"family":"string","arity":"nullable","nativeType":null},"default":null,"autoIncrement":false},{"name":"slackChannelId","tpe":{"dataType":"","fullDataType":"","characterMaximumLength":null,"family":"string","arity":"required","nativeType":null},"default":null,"autoIncrement":false},{"name":"slackTimeStamp","tpe":{"dataType":"","fullDataType":"","characterMaximumLength":null,"family":"string","arity":"nullable","nativeType":null},"default":null,"autoIncrement":false}],"indices":[],"primaryKey":{"columns":["id"],"sequence":null,"constraintName":null},"foreignKeys":[{"constraintName":null,"columns":["userId"],"referencedTable":"User","referencedColumns":["id"],"onDeleteAction":"setNull","onUpdateAction":"cascade"}]},{"name":"Reaction","columns":[{"name":"id","tpe":{"dataType":"","fullDataType":"","characterMaximumLength":null,"family":"string","arity":"required","nativeType":null},"default":null,"autoIncrement":false},{"name":"createdAt","tpe":{"dataType":"","fullDataType":"","characterMaximumLength":null,"family":"dateTime","arity":"required","nativeType":null},"default":"NOW","autoIncrement":false},{"name":"updatedAt","tpe":{"dataType":"","fullDataType":"","characterMaximumLength":null,"family":"dateTime","arity":"required","nativeType":null},"default":null,"autoIncrement":false},{"name":"emoji","tpe":{"dataType":"","fullDataType":"","characterMaximumLength":null,"family":"string","arity":"required","nativeType":null},"default":null,"autoIncrement":false},{"name":"alt","tpe":{"dataType":"","fullDataType":"","characterMaximumLength":null,"family":"string","arity":"required","nativeType":null},"default":null,"autoIncrement":false},{"name":"userId","tpe":{"dataType":"","fullDataType":"","characterMaximumLength":null,"family":"string","arity":"nullable","nativeType":null},"default":null,"autoIncrement":false},{"name":"messageId","tpe":{"dataType":"","fullDataType":"","characterMaximumLength":null,"family":"string","arity":"nullable","nativeType":null},"default":null,"autoIncrement":false}],"indices":[],"primaryKey":{"columns":["id"],"sequence":null,"constraintName":null},"foreignKeys":[{"constraintName":null,"columns":["userId"],"referencedTable":"User","referencedColumns":["id"],"onDeleteAction":"setNull","onUpdateAction":"cascade"},{"constraintName":null,"columns":["messageId"],"referencedTable":"Message","referencedColumns":["id"],"onDeleteAction":"setNull","onUpdateAction":"cascade"}]},{"name":"MessageView","columns":[{"name":"createdAt","tpe":{"dataType":"","fullDataType":"","characterMaximumLength":null,"family":"dateTime","arity":"required","nativeType":null},"default":"NOW","autoIncrement":false},{"name":"updatedAt","tpe":{"dataType":"","fullDataType":"","characterMaximumLength":null,"family":"dateTime","arity":"required","nativeType":null},"default":null,"autoIncrement":false},{"name":"userId","tpe":{"dataType":"","fullDataType":"","characterMaximumLength":null,"family":"string","arity":"required","nativeType":null},"default":null,"autoIncrement":false},{"name":"messageId","tpe":{"dataType":"","fullDataType":"","characterMaximumLength":null,"family":"string","arity":"required","nativeType":null},"default":null,"autoIncrement":false}],"indices":[],"primaryKey":{"columns":["userId","messageId"],"sequence":null,"constraintName":null},"foreignKeys":[{"constraintName":null,"columns":["userId"],"referencedTable":"User","referencedColumns":["id"],"onDeleteAction":"cascade","onUpdateAction":"cascade"},{"constraintName":null,"columns":["messageId"],"referencedTable":"Message","referencedColumns":["id"],"onDeleteAction":"cascade","onUpdateAction":"cascade"}]}],"enums":[],"sequences":[]},"steps":[{"AlterTable":{}}]}	[]	2021-01-20 14:37:46.997	2021-01-20 14:37:47.051
11	20210119182859-add-message-views	datasource db {\n  provider = "postgresql"\n  url      = "***"\n}\n\nmodel User {\n  id               String     @id @default(uuid())\n  createdAt        DateTime   @default(now())\n  updatedAt        DateTime   @updatedAt\n  name             String?\n  email            String     @unique\n  role             String     @default("user")\n  sessions         Session[]\n  messages         Message[]\n  reactions        Reaction[]\n  slackUserId      String\n  slackAccessToken String     @default("")\n  isInstalled      Boolean    @default(false)\n}\n\nmodel Session {\n  id                 String    @id @default(uuid())\n  createdAt          DateTime  @default(now())\n  updatedAt          DateTime  @updatedAt\n  expiresAt          DateTime?\n  handle             String    @unique\n  user               User?     @relation(fields: [userId], references: [id])\n  userId             String?\n  hashedSessionToken String?\n  antiCSRFToken      String?\n  publicData         String?\n  privateData        String?\n}\n\nmodel Message {\n  id             String        @id @default(uuid())\n  createdAt      DateTime      @default(now())\n  updatedAt      DateTime      @updatedAt\n  title          String\n  body           String\n  user           User?         @relation(fields: [userId], references: [id])\n  userId         String?\n  slackChannelId String\n  reactions      Reaction[]\n  slackTimeStamp String?\n  views          MessageView[]\n}\n\nmodel Reaction {\n  id        String   @id @default(uuid())\n  createdAt DateTime @default(now())\n  updatedAt DateTime @updatedAt\n  emoji     String\n  alt       String\n  user      User?    @relation(fields: [userId], references: [id])\n  userId    String?\n  message   Message? @relation(fields: [messageId], references: [id])\n  messageId String?\n}\n\nmodel MessageView {\n  createdAt DateTime @default(now())\n  updatedAt DateTime @updatedAt\n  userId    String\n  user      User     @relation(fields: [userId], references: [id])\n  messageId String\n  message   Message  @relation(fields: [messageId], references: [id])\n\n  @@id([userId, messageId])\n}\n	MigrationSuccess	3	0	[{"tag":"CreateModel","model":"MessageView"},{"tag":"CreateField","model":"MessageView","field":"createdAt","type":"DateTime","arity":"Required"},{"tag":"CreateDirective","location":{"path":{"tag":"Field","model":"MessageView","field":"createdAt"},"directive":"default"}},{"tag":"CreateArgument","location":{"tag":"Directive","path":{"tag":"Field","model":"MessageView","field":"createdAt"},"directive":"default"},"argument":"","value":"now()"},{"tag":"CreateField","model":"MessageView","field":"updatedAt","type":"DateTime","arity":"Required"},{"tag":"CreateDirective","location":{"path":{"tag":"Field","model":"MessageView","field":"updatedAt"},"directive":"updatedAt"}},{"tag":"CreateField","model":"MessageView","field":"userId","type":"String","arity":"Required"},{"tag":"CreateField","model":"MessageView","field":"user","type":"User","arity":"Required"},{"tag":"CreateDirective","location":{"path":{"tag":"Field","model":"MessageView","field":"user"},"directive":"relation"}},{"tag":"CreateArgument","location":{"tag":"Directive","path":{"tag":"Field","model":"MessageView","field":"user"},"directive":"relation"},"argument":"fields","value":"[userId]"},{"tag":"CreateArgument","location":{"tag":"Directive","path":{"tag":"Field","model":"MessageView","field":"user"},"directive":"relation"},"argument":"references","value":"[id]"},{"tag":"CreateField","model":"MessageView","field":"messageId","type":"String","arity":"Required"},{"tag":"CreateField","model":"MessageView","field":"message","type":"Message","arity":"Required"},{"tag":"CreateDirective","location":{"path":{"tag":"Field","model":"MessageView","field":"message"},"directive":"relation"}},{"tag":"CreateArgument","location":{"tag":"Directive","path":{"tag":"Field","model":"MessageView","field":"message"},"directive":"relation"},"argument":"fields","value":"[messageId]"},{"tag":"CreateArgument","location":{"tag":"Directive","path":{"tag":"Field","model":"MessageView","field":"message"},"directive":"relation"},"argument":"references","value":"[id]"},{"tag":"CreateDirective","location":{"path":{"tag":"Model","model":"MessageView"},"directive":"id"}},{"tag":"CreateArgument","location":{"tag":"Directive","path":{"tag":"Model","model":"MessageView"},"directive":"id"},"argument":"","value":"[userId, messageId]"},{"tag":"CreateField","model":"Message","field":"views","type":"MessageView","arity":"List"}]	{"before":{"tables":[{"name":"Message","columns":[{"name":"id","tpe":{"dataType":"text","fullDataType":"text","characterMaximumLength":null,"family":"string","arity":"required","nativeType":"Text"},"default":null,"autoIncrement":false},{"name":"createdAt","tpe":{"dataType":"timestamp without time zone","fullDataType":"timestamp","characterMaximumLength":null,"family":"dateTime","arity":"required","nativeType":{"Timestamp":3}},"default":"NOW","autoIncrement":false},{"name":"updatedAt","tpe":{"dataType":"timestamp without time zone","fullDataType":"timestamp","characterMaximumLength":null,"family":"dateTime","arity":"required","nativeType":{"Timestamp":3}},"default":null,"autoIncrement":false},{"name":"title","tpe":{"dataType":"text","fullDataType":"text","characterMaximumLength":null,"family":"string","arity":"required","nativeType":"Text"},"default":null,"autoIncrement":false},{"name":"body","tpe":{"dataType":"text","fullDataType":"text","characterMaximumLength":null,"family":"string","arity":"required","nativeType":"Text"},"default":null,"autoIncrement":false},{"name":"userId","tpe":{"dataType":"text","fullDataType":"text","characterMaximumLength":null,"family":"string","arity":"nullable","nativeType":"Text"},"default":null,"autoIncrement":false},{"name":"slackChannelId","tpe":{"dataType":"text","fullDataType":"text","characterMaximumLength":null,"family":"string","arity":"required","nativeType":"Text"},"default":null,"autoIncrement":false},{"name":"slackTimeStamp","tpe":{"dataType":"text","fullDataType":"text","characterMaximumLength":null,"family":"string","arity":"nullable","nativeType":"Text"},"default":null,"autoIncrement":false}],"indices":[],"primaryKey":{"columns":["id"],"sequence":null,"constraintName":"Message_pkey"},"foreignKeys":[{"constraintName":"Message_userId_fkey","columns":["userId"],"referencedTable":"User","referencedColumns":["id"],"onDeleteAction":"cascade","onUpdateAction":"cascade"}]},{"name":"_Migration","columns":[{"name":"revision","tpe":{"dataType":"integer","fullDataType":"int4","characterMaximumLength":null,"family":"int","arity":"required","nativeType":"Integer"},"default":{"SEQUENCE":"nextval('\\"_Migration_revision_seq\\"'::regclass)"},"autoIncrement":true},{"name":"name","tpe":{"dataType":"text","fullDataType":"text","characterMaximumLength":null,"family":"string","arity":"required","nativeType":"Text"},"default":null,"autoIncrement":false},{"name":"datamodel","tpe":{"dataType":"text","fullDataType":"text","characterMaximumLength":null,"family":"string","arity":"required","nativeType":"Text"},"default":null,"autoIncrement":false},{"name":"status","tpe":{"dataType":"text","fullDataType":"text","characterMaximumLength":null,"family":"string","arity":"required","nativeType":"Text"},"default":null,"autoIncrement":false},{"name":"applied","tpe":{"dataType":"integer","fullDataType":"int4","characterMaximumLength":null,"family":"int","arity":"required","nativeType":"Integer"},"default":null,"autoIncrement":false},{"name":"rolled_back","tpe":{"dataType":"integer","fullDataType":"int4","characterMaximumLength":null,"family":"int","arity":"required","nativeType":"Integer"},"default":null,"autoIncrement":false},{"name":"datamodel_steps","tpe":{"dataType":"text","fullDataType":"text","characterMaximumLength":null,"family":"string","arity":"required","nativeType":"Text"},"default":null,"autoIncrement":false},{"name":"database_migration","tpe":{"dataType":"text","fullDataType":"text","characterMaximumLength":null,"family":"string","arity":"required","nativeType":"Text"},"default":null,"autoIncrement":false},{"name":"errors","tpe":{"dataType":"text","fullDataType":"text","characterMaximumLength":null,"family":"string","arity":"required","nativeType":"Text"},"default":null,"autoIncrement":false},{"name":"started_at","tpe":{"dataType":"timestamp without time zone","fullDataType":"timestamp","characterMaximumLength":null,"family":"dateTime","arity":"required","nativeType":{"Timestamp":3}},"default":null,"autoIncrement":false},{"name":"finished_at","tpe":{"dataType":"timestamp without time zone","fullDataType":"timestamp","characterMaximumLength":null,"family":"dateTime","arity":"nullable","nativeType":{"Timestamp":3}},"default":null,"autoIncrement":false}],"indices":[],"primaryKey":{"columns":["revision"],"sequence":{"name":"_Migration_revision_seq","initialValue":1,"allocationSize":1},"constraintName":"_Migration_pkey"},"foreignKeys":[]},{"name":"Reaction","columns":[{"name":"id","tpe":{"dataType":"text","fullDataType":"text","characterMaximumLength":null,"family":"string","arity":"required","nativeType":"Text"},"default":null,"autoIncrement":false},{"name":"createdAt","tpe":{"dataType":"timestamp without time zone","fullDataType":"timestamp","characterMaximumLength":null,"family":"dateTime","arity":"required","nativeType":{"Timestamp":3}},"default":"NOW","autoIncrement":false},{"name":"updatedAt","tpe":{"dataType":"timestamp without time zone","fullDataType":"timestamp","characterMaximumLength":null,"family":"dateTime","arity":"required","nativeType":{"Timestamp":3}},"default":null,"autoIncrement":false},{"name":"emoji","tpe":{"dataType":"text","fullDataType":"text","characterMaximumLength":null,"family":"string","arity":"required","nativeType":"Text"},"default":null,"autoIncrement":false},{"name":"alt","tpe":{"dataType":"text","fullDataType":"text","characterMaximumLength":null,"family":"string","arity":"required","nativeType":"Text"},"default":null,"autoIncrement":false},{"name":"userId","tpe":{"dataType":"text","fullDataType":"text","characterMaximumLength":null,"family":"string","arity":"nullable","nativeType":"Text"},"default":null,"autoIncrement":false},{"name":"messageId","tpe":{"dataType":"text","fullDataType":"text","characterMaximumLength":null,"family":"string","arity":"nullable","nativeType":"Text"},"default":null,"autoIncrement":false}],"indices":[],"primaryKey":{"columns":["id"],"sequence":null,"constraintName":"Reaction_pkey"},"foreignKeys":[{"constraintName":"Reaction_messageId_fkey","columns":["messageId"],"referencedTable":"Message","referencedColumns":["id"],"onDeleteAction":"setNull","onUpdateAction":"cascade"},{"constraintName":"Reaction_userId_fkey","columns":["userId"],"referencedTable":"User","referencedColumns":["id"],"onDeleteAction":"setNull","onUpdateAction":"cascade"}]},{"name":"Session","columns":[{"name":"id","tpe":{"dataType":"text","fullDataType":"text","characterMaximumLength":null,"family":"string","arity":"required","nativeType":"Text"},"default":null,"autoIncrement":false},{"name":"createdAt","tpe":{"dataType":"timestamp without time zone","fullDataType":"timestamp","characterMaximumLength":null,"family":"dateTime","arity":"required","nativeType":{"Timestamp":3}},"default":"NOW","autoIncrement":false},{"name":"updatedAt","tpe":{"dataType":"timestamp without time zone","fullDataType":"timestamp","characterMaximumLength":null,"family":"dateTime","arity":"required","nativeType":{"Timestamp":3}},"default":null,"autoIncrement":false},{"name":"expiresAt","tpe":{"dataType":"timestamp without time zone","fullDataType":"timestamp","characterMaximumLength":null,"family":"dateTime","arity":"nullable","nativeType":{"Timestamp":3}},"default":null,"autoIncrement":false},{"name":"handle","tpe":{"dataType":"text","fullDataType":"text","characterMaximumLength":null,"family":"string","arity":"required","nativeType":"Text"},"default":null,"autoIncrement":false},{"name":"userId","tpe":{"dataType":"text","fullDataType":"text","characterMaximumLength":null,"family":"string","arity":"nullable","nativeType":"Text"},"default":null,"autoIncrement":false},{"name":"hashedSessionToken","tpe":{"dataType":"text","fullDataType":"text","characterMaximumLength":null,"family":"string","arity":"nullable","nativeType":"Text"},"default":null,"autoIncrement":false},{"name":"antiCSRFToken","tpe":{"dataType":"text","fullDataType":"text","characterMaximumLength":null,"family":"string","arity":"nullable","nativeType":"Text"},"default":null,"autoIncrement":false},{"name":"publicData","tpe":{"dataType":"text","fullDataType":"text","characterMaximumLength":null,"family":"string","arity":"nullable","nativeType":"Text"},"default":null,"autoIncrement":false},{"name":"privateData","tpe":{"dataType":"text","fullDataType":"text","characterMaximumLength":null,"family":"string","arity":"nullable","nativeType":"Text"},"default":null,"autoIncrement":false}],"indices":[{"name":"Session.handle_unique","columns":["handle"],"tpe":"unique"}],"primaryKey":{"columns":["id"],"sequence":null,"constraintName":"Session_pkey"},"foreignKeys":[{"constraintName":"Session_userId_fkey","columns":["userId"],"referencedTable":"User","referencedColumns":["id"],"onDeleteAction":"setNull","onUpdateAction":"cascade"}]},{"name":"User","columns":[{"name":"id","tpe":{"dataType":"text","fullDataType":"text","characterMaximumLength":null,"family":"string","arity":"required","nativeType":"Text"},"default":null,"autoIncrement":false},{"name":"createdAt","tpe":{"dataType":"timestamp without time zone","fullDataType":"timestamp","characterMaximumLength":null,"family":"dateTime","arity":"required","nativeType":{"Timestamp":3}},"default":"NOW","autoIncrement":false},{"name":"updatedAt","tpe":{"dataType":"timestamp without time zone","fullDataType":"timestamp","characterMaximumLength":null,"family":"dateTime","arity":"required","nativeType":{"Timestamp":3}},"default":null,"autoIncrement":false},{"name":"name","tpe":{"dataType":"text","fullDataType":"text","characterMaximumLength":null,"family":"string","arity":"nullable","nativeType":"Text"},"default":null,"autoIncrement":false},{"name":"email","tpe":{"dataType":"text","fullDataType":"text","characterMaximumLength":null,"family":"string","arity":"required","nativeType":"Text"},"default":null,"autoIncrement":false},{"name":"role","tpe":{"dataType":"text","fullDataType":"text","characterMaximumLength":null,"family":"string","arity":"required","nativeType":"Text"},"default":{"VALUE":"user"},"autoIncrement":false},{"name":"slackUserId","tpe":{"dataType":"text","fullDataType":"text","characterMaximumLength":null,"family":"string","arity":"required","nativeType":"Text"},"default":null,"autoIncrement":false},{"name":"slackAccessToken","tpe":{"dataType":"text","fullDataType":"text","characterMaximumLength":null,"family":"string","arity":"required","nativeType":"Text"},"default":{"VALUE":""},"autoIncrement":false},{"name":"isInstalled","tpe":{"dataType":"boolean","fullDataType":"bool","characterMaximumLength":null,"family":"boolean","arity":"required","nativeType":"Boolean"},"default":{"VALUE":false},"autoIncrement":false}],"indices":[{"name":"User.email_unique","columns":["email"],"tpe":"unique"}],"primaryKey":{"columns":["id"],"sequence":null,"constraintName":"User_pkey"},"foreignKeys":[]}],"enums":[],"sequences":[{"name":"_Migration_revision_seq","initialValue":1,"allocationSize":1}]},"after":{"tables":[{"name":"User","columns":[{"name":"id","tpe":{"dataType":"","fullDataType":"","characterMaximumLength":null,"family":"string","arity":"required","nativeType":null},"default":null,"autoIncrement":false},{"name":"createdAt","tpe":{"dataType":"","fullDataType":"","characterMaximumLength":null,"family":"dateTime","arity":"required","nativeType":null},"default":"NOW","autoIncrement":false},{"name":"updatedAt","tpe":{"dataType":"","fullDataType":"","characterMaximumLength":null,"family":"dateTime","arity":"required","nativeType":null},"default":null,"autoIncrement":false},{"name":"name","tpe":{"dataType":"","fullDataType":"","characterMaximumLength":null,"family":"string","arity":"nullable","nativeType":null},"default":null,"autoIncrement":false},{"name":"email","tpe":{"dataType":"","fullDataType":"","characterMaximumLength":null,"family":"string","arity":"required","nativeType":null},"default":null,"autoIncrement":false},{"name":"role","tpe":{"dataType":"","fullDataType":"","characterMaximumLength":null,"family":"string","arity":"required","nativeType":null},"default":{"VALUE":"user"},"autoIncrement":false},{"name":"slackUserId","tpe":{"dataType":"","fullDataType":"","characterMaximumLength":null,"family":"string","arity":"required","nativeType":null},"default":null,"autoIncrement":false},{"name":"slackAccessToken","tpe":{"dataType":"","fullDataType":"","characterMaximumLength":null,"family":"string","arity":"required","nativeType":null},"default":{"VALUE":""},"autoIncrement":false},{"name":"isInstalled","tpe":{"dataType":"","fullDataType":"","characterMaximumLength":null,"family":"boolean","arity":"required","nativeType":null},"default":{"VALUE":false},"autoIncrement":false}],"indices":[{"name":"User.email_unique","columns":["email"],"tpe":"unique"}],"primaryKey":{"columns":["id"],"sequence":null,"constraintName":null},"foreignKeys":[]},{"name":"Session","columns":[{"name":"id","tpe":{"dataType":"","fullDataType":"","characterMaximumLength":null,"family":"string","arity":"required","nativeType":null},"default":null,"autoIncrement":false},{"name":"createdAt","tpe":{"dataType":"","fullDataType":"","characterMaximumLength":null,"family":"dateTime","arity":"required","nativeType":null},"default":"NOW","autoIncrement":false},{"name":"updatedAt","tpe":{"dataType":"","fullDataType":"","characterMaximumLength":null,"family":"dateTime","arity":"required","nativeType":null},"default":null,"autoIncrement":false},{"name":"expiresAt","tpe":{"dataType":"","fullDataType":"","characterMaximumLength":null,"family":"dateTime","arity":"nullable","nativeType":null},"default":null,"autoIncrement":false},{"name":"handle","tpe":{"dataType":"","fullDataType":"","characterMaximumLength":null,"family":"string","arity":"required","nativeType":null},"default":null,"autoIncrement":false},{"name":"userId","tpe":{"dataType":"","fullDataType":"","characterMaximumLength":null,"family":"string","arity":"nullable","nativeType":null},"default":null,"autoIncrement":false},{"name":"hashedSessionToken","tpe":{"dataType":"","fullDataType":"","characterMaximumLength":null,"family":"string","arity":"nullable","nativeType":null},"default":null,"autoIncrement":false},{"name":"antiCSRFToken","tpe":{"dataType":"","fullDataType":"","characterMaximumLength":null,"family":"string","arity":"nullable","nativeType":null},"default":null,"autoIncrement":false},{"name":"publicData","tpe":{"dataType":"","fullDataType":"","characterMaximumLength":null,"family":"string","arity":"nullable","nativeType":null},"default":null,"autoIncrement":false},{"name":"privateData","tpe":{"dataType":"","fullDataType":"","characterMaximumLength":null,"family":"string","arity":"nullable","nativeType":null},"default":null,"autoIncrement":false}],"indices":[{"name":"Session.handle_unique","columns":["handle"],"tpe":"unique"}],"primaryKey":{"columns":["id"],"sequence":null,"constraintName":null},"foreignKeys":[{"constraintName":null,"columns":["userId"],"referencedTable":"User","referencedColumns":["id"],"onDeleteAction":"setNull","onUpdateAction":"cascade"}]},{"name":"Message","columns":[{"name":"id","tpe":{"dataType":"","fullDataType":"","characterMaximumLength":null,"family":"string","arity":"required","nativeType":null},"default":null,"autoIncrement":false},{"name":"createdAt","tpe":{"dataType":"","fullDataType":"","characterMaximumLength":null,"family":"dateTime","arity":"required","nativeType":null},"default":"NOW","autoIncrement":false},{"name":"updatedAt","tpe":{"dataType":"","fullDataType":"","characterMaximumLength":null,"family":"dateTime","arity":"required","nativeType":null},"default":null,"autoIncrement":false},{"name":"title","tpe":{"dataType":"","fullDataType":"","characterMaximumLength":null,"family":"string","arity":"required","nativeType":null},"default":null,"autoIncrement":false},{"name":"body","tpe":{"dataType":"","fullDataType":"","characterMaximumLength":null,"family":"string","arity":"required","nativeType":null},"default":null,"autoIncrement":false},{"name":"userId","tpe":{"dataType":"","fullDataType":"","characterMaximumLength":null,"family":"string","arity":"nullable","nativeType":null},"default":null,"autoIncrement":false},{"name":"slackChannelId","tpe":{"dataType":"","fullDataType":"","characterMaximumLength":null,"family":"string","arity":"required","nativeType":null},"default":null,"autoIncrement":false},{"name":"slackTimeStamp","tpe":{"dataType":"","fullDataType":"","characterMaximumLength":null,"family":"string","arity":"nullable","nativeType":null},"default":null,"autoIncrement":false}],"indices":[],"primaryKey":{"columns":["id"],"sequence":null,"constraintName":null},"foreignKeys":[{"constraintName":null,"columns":["userId"],"referencedTable":"User","referencedColumns":["id"],"onDeleteAction":"setNull","onUpdateAction":"cascade"}]},{"name":"Reaction","columns":[{"name":"id","tpe":{"dataType":"","fullDataType":"","characterMaximumLength":null,"family":"string","arity":"required","nativeType":null},"default":null,"autoIncrement":false},{"name":"createdAt","tpe":{"dataType":"","fullDataType":"","characterMaximumLength":null,"family":"dateTime","arity":"required","nativeType":null},"default":"NOW","autoIncrement":false},{"name":"updatedAt","tpe":{"dataType":"","fullDataType":"","characterMaximumLength":null,"family":"dateTime","arity":"required","nativeType":null},"default":null,"autoIncrement":false},{"name":"emoji","tpe":{"dataType":"","fullDataType":"","characterMaximumLength":null,"family":"string","arity":"required","nativeType":null},"default":null,"autoIncrement":false},{"name":"alt","tpe":{"dataType":"","fullDataType":"","characterMaximumLength":null,"family":"string","arity":"required","nativeType":null},"default":null,"autoIncrement":false},{"name":"userId","tpe":{"dataType":"","fullDataType":"","characterMaximumLength":null,"family":"string","arity":"nullable","nativeType":null},"default":null,"autoIncrement":false},{"name":"messageId","tpe":{"dataType":"","fullDataType":"","characterMaximumLength":null,"family":"string","arity":"nullable","nativeType":null},"default":null,"autoIncrement":false}],"indices":[],"primaryKey":{"columns":["id"],"sequence":null,"constraintName":null},"foreignKeys":[{"constraintName":null,"columns":["userId"],"referencedTable":"User","referencedColumns":["id"],"onDeleteAction":"setNull","onUpdateAction":"cascade"},{"constraintName":null,"columns":["messageId"],"referencedTable":"Message","referencedColumns":["id"],"onDeleteAction":"setNull","onUpdateAction":"cascade"}]},{"name":"MessageView","columns":[{"name":"createdAt","tpe":{"dataType":"","fullDataType":"","characterMaximumLength":null,"family":"dateTime","arity":"required","nativeType":null},"default":"NOW","autoIncrement":false},{"name":"updatedAt","tpe":{"dataType":"","fullDataType":"","characterMaximumLength":null,"family":"dateTime","arity":"required","nativeType":null},"default":null,"autoIncrement":false},{"name":"userId","tpe":{"dataType":"","fullDataType":"","characterMaximumLength":null,"family":"string","arity":"required","nativeType":null},"default":null,"autoIncrement":false},{"name":"messageId","tpe":{"dataType":"","fullDataType":"","characterMaximumLength":null,"family":"string","arity":"required","nativeType":null},"default":null,"autoIncrement":false}],"indices":[],"primaryKey":{"columns":["userId","messageId"],"sequence":null,"constraintName":null},"foreignKeys":[{"constraintName":null,"columns":["userId"],"referencedTable":"User","referencedColumns":["id"],"onDeleteAction":"cascade","onUpdateAction":"cascade"},{"constraintName":null,"columns":["messageId"],"referencedTable":"Message","referencedColumns":["id"],"onDeleteAction":"cascade","onUpdateAction":"cascade"}]}],"enums":[],"sequences":[]},"steps":[{"CreateTable":{}},{"AddForeignKey":{}},{"AddForeignKey":{}}]}	[]	2021-01-20 14:37:46.622	2021-01-20 14:37:46.734
\.


--
-- Name: _Migration_revision_seq; Type: SEQUENCE SET; Schema: public; Owner: doadmin
--

SELECT pg_catalog.setval('public."_Migration_revision_seq"', 12, true);


--
-- Name: MessageView MessageView_pkey; Type: CONSTRAINT; Schema: public; Owner: doadmin
--

ALTER TABLE ONLY public."MessageView"
    ADD CONSTRAINT "MessageView_pkey" PRIMARY KEY ("userId", "messageId");


--
-- Name: Message Message_pkey; Type: CONSTRAINT; Schema: public; Owner: doadmin
--

ALTER TABLE ONLY public."Message"
    ADD CONSTRAINT "Message_pkey" PRIMARY KEY (id);


--
-- Name: Reaction Reaction_pkey; Type: CONSTRAINT; Schema: public; Owner: doadmin
--

ALTER TABLE ONLY public."Reaction"
    ADD CONSTRAINT "Reaction_pkey" PRIMARY KEY (id);


--
-- Name: Session Session_pkey; Type: CONSTRAINT; Schema: public; Owner: doadmin
--

ALTER TABLE ONLY public."Session"
    ADD CONSTRAINT "Session_pkey" PRIMARY KEY (id);


--
-- Name: User User_pkey; Type: CONSTRAINT; Schema: public; Owner: doadmin
--

ALTER TABLE ONLY public."User"
    ADD CONSTRAINT "User_pkey" PRIMARY KEY (id);


--
-- Name: _Migration _Migration_pkey; Type: CONSTRAINT; Schema: public; Owner: doadmin
--

ALTER TABLE ONLY public."_Migration"
    ADD CONSTRAINT "_Migration_pkey" PRIMARY KEY (revision);


--
-- Name: Session.handle_unique; Type: INDEX; Schema: public; Owner: doadmin
--

CREATE UNIQUE INDEX "Session.handle_unique" ON public."Session" USING btree (handle);


--
-- Name: User.email_unique; Type: INDEX; Schema: public; Owner: doadmin
--

CREATE UNIQUE INDEX "User.email_unique" ON public."User" USING btree (email);


--
-- Name: MessageView MessageView_messageId_fkey; Type: FK CONSTRAINT; Schema: public; Owner: doadmin
--

ALTER TABLE ONLY public."MessageView"
    ADD CONSTRAINT "MessageView_messageId_fkey" FOREIGN KEY ("messageId") REFERENCES public."Message"(id) ON UPDATE CASCADE ON DELETE CASCADE;


--
-- Name: MessageView MessageView_userId_fkey; Type: FK CONSTRAINT; Schema: public; Owner: doadmin
--

ALTER TABLE ONLY public."MessageView"
    ADD CONSTRAINT "MessageView_userId_fkey" FOREIGN KEY ("userId") REFERENCES public."User"(id) ON UPDATE CASCADE ON DELETE CASCADE;


--
-- Name: Message Message_userId_fkey; Type: FK CONSTRAINT; Schema: public; Owner: doadmin
--

ALTER TABLE ONLY public."Message"
    ADD CONSTRAINT "Message_userId_fkey" FOREIGN KEY ("userId") REFERENCES public."User"(id) ON UPDATE CASCADE ON DELETE CASCADE;


--
-- Name: Reaction Reaction_messageId_fkey; Type: FK CONSTRAINT; Schema: public; Owner: doadmin
--

ALTER TABLE ONLY public."Reaction"
    ADD CONSTRAINT "Reaction_messageId_fkey" FOREIGN KEY ("messageId") REFERENCES public."Message"(id) ON UPDATE CASCADE ON DELETE SET NULL;


--
-- Name: Reaction Reaction_userId_fkey; Type: FK CONSTRAINT; Schema: public; Owner: doadmin
--

ALTER TABLE ONLY public."Reaction"
    ADD CONSTRAINT "Reaction_userId_fkey" FOREIGN KEY ("userId") REFERENCES public."User"(id) ON UPDATE CASCADE ON DELETE SET NULL;


--
-- Name: Session Session_userId_fkey; Type: FK CONSTRAINT; Schema: public; Owner: doadmin
--

ALTER TABLE ONLY public."Session"
    ADD CONSTRAINT "Session_userId_fkey" FOREIGN KEY ("userId") REFERENCES public."User"(id) ON UPDATE CASCADE ON DELETE SET NULL;


--
-- PostgreSQL database dump complete
--

